playerId,name,age,status,origin_team,origin_comp,origin_median,n_matches,scouting_score,model_score,performance_score,model_probability,top3_strengths
103903,Marcel Łubik,21.0,PLAYS,FC Augsburg II,regionalliga_bayern,0.28719256,29,99.07647907647907,99.42279942279943,98.55699855699855,0.9840858,DEFENSIVE_IMPECT_SCORE_PACKING (83%) | RATIO_PASSING_ACCURACY (73%) | FOOT_USAGE_RATIO_LEFT (50%)
43562,Romain Matthys,27.0,PLAYS,MVV Maastricht,keuken_kampioen_divisie,0.433012,103,98.67243867243867,98.26839826839827,99.27849927849928,0.97253346,FOOT_USAGE_RATIO_LEFT (94%) | FOOT_USAGE_RATIO_RIGHT (94%) | DEFENSIVE_IMPECT_SCORE_PACKING (82%)
106681,Max Schmitt,20.0,PLAYS,FC Bayern München II,regionalliga_bayern,0.28719256,24,98.21067821067821,97.11399711399712,99.85569985569985,0.96596754,DEFENSIVE_IMPECT_SCORE_PACKING (94%) | FOOT_USAGE_RATIO_LEFT (75%) | RATIO_PASSING_ACCURACY (89%)
106592,Antonín Kinský,22.0,PLAYS,FK Pardubice,chance_liga,0.345279435,34,97.83549783549785,99.27849927849928,95.67099567099568,0.98062044,DEFENSIVE_IMPECT_SCORE_PACKING (85%) | FOOT_USAGE_RATIO_LEFT (50%) | FOOT_USAGE_RATIO_RIGHT (50%)
43239,Jari De Busser,26.0,PLAYS,Lommel SK,challenger_pro_league,0.34851325,30,97.08513708513709,98.98989898989899,94.22799422799423,0.9767992,DEFENSIVE_IMPECT_SCORE_PACKING (93%) | RATIO_PASSING_ACCURACY (66%) | FOOT_USAGE_RATIO_LEFT (50%)
21589,Pelle Boevink,28.0,PLAYS,SC Paderborn 07 II,regionalliga_west,0.37057419,1,96.56565656565655,99.85569985569985,91.63059163059162,0.98676133,DEFENSIVE_IMPECT_SCORE_PACKING (100%) | RATIO_PASSING_ACCURACY (87%) | FOOT_USAGE_RATIO_LEFT (50%)
83010,Jan Olschowsky,24.0,PLAYS,Borussia Mönchengladbach II,regionalliga_west,0.37057419,12,96.3059163059163,98.84559884559884,92.4963924963925,0.9767779,DEFENSIVE_IMPECT_SCORE_PACKING (97%) | RATIO_PASSING_ACCURACY (92%) | GK_PREVENTED_GOALS_POST_SHOT_XG_BY_ACTION1V1_AGAINST_GK_SHOT_RATIO (76%)
119075,Viktor Baier,21.0,PLAYS,FC Viktoria Pilsen,chance_liga,0.345279435,2,96.017316017316,98.55699855699855,92.20779220779221,0.9737863,RATIO_PASSING_ACCURACY (100%) | GK_PREVENTED_GOALS_POST_SHOT_XG_BY_ACTION1V1_AGAINST_GK_SHOT_RATIO (100%) | FOOT_USAGE_RATIO_LEFT (50%)
60809,Andrea Hoxha,26.0,PLAYS,Bremer SV,regionalliga_nord,0.26403716,14,95.15151515151516,95.0937950937951,95.23809523809523,0.95268786,DEFENSIVE_IMPECT_SCORE_PACKING (94%) | FOOT_USAGE_RATIO_LEFT (50%) | FOOT_USAGE_RATIO_RIGHT (50%)
83018,Arne Schulz,22.0,PLAYS,SC Paderborn 07 II,regionalliga_west,0.37057419,41,94.94949494949495,95.81529581529583,93.65079365079364,0.9577249,FOOT_USAGE_RATIO_LEFT (73%) | RATIO_PASSING_ACCURACY (88%) | FOOT_USAGE_RATIO_RIGHT (73%)
107868,Justin Treichel,23.0,PLAYS,FC Schalke 04 II,regionalliga_west,0.37057419,10,94.8917748917749,99.56709956709958,87.87878787878788,0.98618674,DEFENSIVE_IMPECT_SCORE_PACKING (92%) | RATIO_PASSING_ACCURACY (95%) | FOOT_USAGE_RATIO_LEFT (50%)
104004,Dennis Seimen,20.0,PLAYS,VfB Stuttgart II,regionalliga_suedwest,0.405667995,19,94.51659451659451,99.13419913419914,87.59018759018758,0.9804416,RATIO_PASSING_ACCURACY (94%) | DEFENSIVE_IMPECT_SCORE_PACKING (78%) | FOOT_USAGE_RATIO_LEFT (50%)
104207,Tom Ritzy Hülsmann,21.0,PLAYS,FC Bayern München II,regionalliga_bayern,0.28719256,16,94.28571428571428,99.71139971139971,86.14718614718615,0.98626673,DEFENSIVE_IMPECT_SCORE_PACKING (72%) | RATIO_PASSING_ACCURACY (71%) | FOOT_USAGE_RATIO_LEFT (50%)
28572,Miso Dubljanic,26.0,PLAYS,FK Jedinstvo Ub,super_liga_srbije,0.34917809,4,94.08369408369407,90.9090909090909,98.84559884559884,0.91762376,FOOT_USAGE_RATIO_LEFT (100%) | FOOT_USAGE_RATIO_RIGHT (100%) | DEFENSIVE_IMPECT_SCORE_PACKING (88%)
5878,Anthony Racioppi,27.0,PLAYS,1. FC Köln II,regionalliga_west,0.37057419,1,93.96825396825398,96.3924963924964,90.33189033189034,0.9629356,FOOT_USAGE_RATIO_LEFT (85%) | RATIO_PASSING_ACCURACY (98%) | FOOT_USAGE_RATIO_RIGHT (85%)
53183,Simon Ngapandouetnbu,22.0,PLAYS,Nîmes Olympique,france_3,0.513178375,26,93.18903318903318,92.78499278499278,93.79509379509379,0.9399901,FOOT_USAGE_RATIO_LEFT (85%) | FOOT_USAGE_RATIO_RIGHT (85%) | RATIO_PASSING_ACCURACY (83%)
107184,Mike Penders,20.0,PLAYS,Jong Genk,challenger_pro_league,0.34851325,34,92.98701298701297,98.7012987012987,84.4155844155844,0.9742546,DEFENSIVE_IMPECT_SCORE_PACKING (91%) | RATIO_PASSING_ACCURACY (95%) | GK_PREVENTED_GOALS_POST_SHOT_XG_BY_ACTION1V1_AGAINST_GK_SHOT_RATIO (76%)
171996,Jesper Heim,26.0,PLAYS,SC Weiche Flensburg 08,regionalliga_nord,0.26403716,33,92.87157287157288,97.54689754689755,85.85858585858585,0.9703544,DEFENSIVE_IMPECT_SCORE_PACKING (71%) | RATIO_PASSING_ACCURACY (69%) | FOOT_USAGE_RATIO_LEFT (50%)
54674,Dominik Holec,31.0,PLAYS,MFK Karvina,chance_liga,0.345279435,63,92.6984126984127,94.37229437229438,90.18759018759019,0.94937456,FOOT_USAGE_RATIO_LEFT (96%) | FOOT_USAGE_RATIO_RIGHT (96%) | DEFENSIVE_IMPECT_SCORE_PACKING (46%)
137872,Veljko Ilic,22.0,PLAYS,FK TSC Backa Topola,super_liga_srbije,0.34917809,65,92.35209235209236,94.94949494949495,88.45598845598846,0.9516364,FOOT_USAGE_RATIO_LEFT (93%) | FOOT_USAGE_RATIO_RIGHT (93%) | RATIO_PASSING_ACCURACY (70%)
66170,Răzvan Sava,23.0,PLAYS,CFR Cluj,superliga_romania,0.456571,5,92.2943722943723,94.08369408369408,89.6103896103896,0.9486027,FOOT_USAGE_RATIO_LEFT (98%) | FOOT_USAGE_RATIO_RIGHT (98%) | DEFENSIVE_IMPECT_SCORE_PACKING (80%)
29308,Jindrich Stanek,29.0,PLAYS,FC Viktoria Pilsen,chance_liga,0.345279435,68,91.97691197691196,96.53679653679653,85.13708513708514,0.96296394,FOOT_USAGE_RATIO_LEFT (73%) | FOOT_USAGE_RATIO_RIGHT (73%) | RATIO_PASSING_ACCURACY (75%)
81122,Nahuel Noll,22.0,PLAYS,TSG 1899 Hoffenheim II,regionalliga_suedwest,0.405667995,25,91.94805194805195,95.52669552669553,86.58008658008657,0.95536464,DEFENSIVE_IMPECT_SCORE_PACKING (91%) | FOOT_USAGE_RATIO_LEFT (50%) | RATIO_PASSING_ACCURACY (65%)
29587,Vojtech Vorel,29.0,PLAYS,AC Sparta Prag,chance_liga,0.345279435,4,91.3997113997114,100.0,78.4992784992785,0.98746246,DEFENSIVE_IMPECT_SCORE_PACKING (71%) | RATIO_PASSING_ACCURACY (76%) | GK_PREVENTED_GOALS_POST_SHOT_XG_BY_ACTION1V1_AGAINST_GK_SHOT_RATIO (96%)
7160,Gerónimo Rulli,33.0,PLAYS,Ajax Amsterdam II,keuken_kampioen_divisie,0.433012,1,91.05339105339107,97.40259740259741,81.52958152958153,0.967678,DEFENSIVE_IMPECT_SCORE_PACKING (99%) | RATIO_PASSING_ACCURACY (83%) | FOOT_USAGE_RATIO_LEFT (50%)
49611,Diant Ramaj,24.0,PLAYS,Ajax Amsterdam II,keuken_kampioen_divisie,0.433012,6,90.64935064935065,92.20779220779221,88.31168831168831,0.92836696,DEFENSIVE_IMPECT_SCORE_PACKING (99%) | RATIO_PASSING_ACCURACY (78%) | GOAL_KICK_SCORE (98%)
97058,Menno Bergsen,26.0,PLAYS,NK Maribor,prva_liga,0.383098135,10,90.07215007215007,93.65079365079364,84.7041847041847,0.946938,FOOT_USAGE_RATIO_LEFT (77%) | DEFENSIVE_IMPECT_SCORE_PACKING (81%) | RATIO_PASSING_ACCURACY (91%)
102767,Nacho Miras,28.0,PLAYS,KMSK Deinze,challenger_pro_league,0.34851325,45,89.6103896103896,96.82539682539682,78.78787878787878,0.96512413,FOOT_USAGE_RATIO_LEFT (67%) | FOOT_USAGE_RATIO_RIGHT (68%) | RATIO_PASSING_ACCURACY (67%)
53859,Ales Mandous,33.0,PLAYS,SK Slavia Prag,chance_liga,0.345279435,42,88.77344877344876,96.68109668109668,76.91197691197691,0.96415365,DEFENSIVE_IMPECT_SCORE_PACKING (87%) | RATIO_PASSING_ACCURACY (97%) | GK_PREVENTED_GOALS_POST_SHOT_XG_BY_ACTION1V1_AGAINST_GK_SHOT_RATIO (86%)
1185,Moritz Nicolas,28.0,PLAYS,Roda JC Kerkrade,keuken_kampioen_divisie,0.433012,23,87.96536796536796,92.06349206349206,81.81818181818183,0.9253543,DEFENSIVE_IMPECT_SCORE_PACKING (89%) | RATIO_PASSING_ACCURACY (82%) | FOOT_USAGE_RATIO_LEFT (50%)
178234,Pape Sy,28.0,BENCH,RFC Seraing,challenger_pro_league,0.34851325,14,87.64790764790764,82.68398268398268,95.0937950937951,0.29404613,DEFENSIVE_IMPECT_SCORE_PACKING (99%) | GK_PREVENTED_GOALS_POST_SHOT_XG_BY_ACTION1V1_AGAINST_GK_SHOT_RATIO (99%) | FOOT_USAGE_RATIO_LEFT (50%)
2281,Hidde Jurjus,32.0,PLAYS,De Graafschap Doetinchem,keuken_kampioen_divisie,0.433012,57,86.66666666666666,89.6103896103896,82.25108225108225,0.90222234,DEFENSIVE_IMPECT_SCORE_PACKING (79%) | FOOT_USAGE_RATIO_LEFT (50%) | FOOT_USAGE_RATIO_RIGHT (50%)
117339,Maximilian Weisbäcker,24.0,PLAYS,TSV Aubstadt,regionalliga_bayern,0.28719256,18,85.85858585858585,97.6911976911977,68.1096681096681,0.97045016,DEFENSIVE_IMPECT_SCORE_PACKING (95%) | RATIO_PASSING_ACCURACY (58%) | GK_PREVENTED_GOALS_POST_SHOT_XG_BY_ACTION1V1_AGAINST_GK_SHOT_RATIO (66%)
32402,Vincent Friedsam,23.0,STAYED,Würzburger Kickers,regionalliga_bayern,0.28719256,49,85.62770562770564,76.62337662337663,99.13419913419914,0.17532937,DEFENSIVE_IMPECT_SCORE_PACKING (95%) | RATIO_PASSING_ACCURACY (99%) | FOOT_USAGE_RATIO_LEFT (64%)
75233,Santiago Silva,26.0,STAYED,CA Boston River,primera_division_paraguay,0.4,24,85.51226551226551,82.97258297258297,89.32178932178932,0.30040538,RATIO_PASSING_ACCURACY (89%) | DEFENSIVE_IMPECT_SCORE_PACKING (73%) | GK_PREVENTED_GOALS_POST_SHOT_XG_BY_ACTION1V1_AGAINST_GK_SHOT_RATIO (91%)
53906,Vilem Fendrich,35.0,PLAYS,FK Jablonec,chance_liga,0.345279435,10,85.36796536796537,92.92929292929293,74.02597402597402,0.94025964,DEFENSIVE_IMPECT_SCORE_PACKING (98%) | FOOT_USAGE_RATIO_LEFT (50%) | GK_PREVENTED_GOALS_POST_SHOT_XG_BY_ACTION1V1_AGAINST_GK_SHOT_RATIO (88%)
4611,Rihards Matrevics,26.0,PLAYS,FK Auda,virsliga,0.17575453,18,85.05050505050505,95.67099567099568,69.11976911976912,0.9577073,FOOT_USAGE_RATIO_LEFT (64%) | RATIO_PASSING_ACCURACY (75%) | FOOT_USAGE_RATIO_RIGHT (64%)
114308,Markus Ponath,25.0,PLAYS,FV Illertissen,regionalliga_bayern,0.28719256,29,84.67532467532467,97.83549783549783,64.93506493506493,0.970883,DEFENSIVE_IMPECT_SCORE_PACKING (94%) | RATIO_PASSING_ACCURACY (74%) | GK_SUCCESSFUL_LAUNCHES_PERCENT (77%)
111797,Bruno Antúnez,23.0,STAYED,CA Boston River,primera_division_paraguay,0.4,34,84.53102453102453,76.04617604617604,97.25829725829726,0.17081186,FOOT_USAGE_RATIO_LEFT (86%) | FOOT_USAGE_RATIO_RIGHT (86%) | DEFENSIVE_IMPECT_SCORE_PACKING (67%)
53929,Matous Trmal,27.0,PLAYS,FK Mlada Boleslav,chance_liga,0.345279435,67,84.011544011544,91.91919191919192,72.15007215007215,0.9253116,FOOT_USAGE_RATIO_LEFT (89%) | FOOT_USAGE_RATIO_RIGHT (89%) | DEFENSIVE_IMPECT_SCORE_PACKING (65%)
115577,Simon Simoni,21.0,BENCH,Eintracht Frankfurt II,regionalliga_suedwest,0.405667995,13,83.72294372294373,74.02597402597402,98.26839826839827,0.15492858,DEFENSIVE_IMPECT_SCORE_PACKING (86%) | RATIO_PASSING_ACCURACY (84%) | FOOT_USAGE_RATIO_LEFT (50%)
126428,Justin Heekeren,25.0,PLAYS,Patro Eisden Maasmechelen,challenger_pro_league,0.34851325,14,82.88600288600288,98.12409812409813,60.02886002886003,0.9718469,DEFENSIVE_IMPECT_SCORE_PACKING (72%) | FOOT_USAGE_RATIO_LEFT (50%) | FOOT_USAGE_RATIO_RIGHT (50%)
13289,Patrik Gunnarsson,25.0,PLAYS,Viking FK,eliteserien,0.5777367099999999,78,82.85714285714286,90.18759018759019,71.86147186147186,0.9130678,DEFENSIVE_IMPECT_SCORE_PACKING (66%) | FOOT_USAGE_RATIO_LEFT (50%) | FOOT_USAGE_RATIO_RIGHT (50%)
30285,Oliver Dovin,23.0,STAYED,Hammarby IF,allsvenskan,0.579539565,28,82.82828282828282,76.19047619047619,92.78499278499278,0.17265919,RATIO_PASSING_ACCURACY (93%) | FOOT_USAGE_RATIO_LEFT (50%) | FOOT_USAGE_RATIO_RIGHT (50%)
10132,Felix Dornebusch,31.0,STAYED,Stuttgarter Kickers,regionalliga_suedwest,0.405667995,57,82.53968253968253,72.15007215007215,98.12409812409813,0.13989379,DEFENSIVE_IMPECT_SCORE_PACKING (87%) | FOOT_USAGE_RATIO_LEFT (72%) | FOOT_USAGE_RATIO_RIGHT (73%)
104934,Erion Avdija,21.0,STAYED,SpVgg Unterhaching,regionalliga_bayern,0.28719256,6,82.33766233766234,79.22077922077922,87.01298701298701,0.21191785,DEFENSIVE_IMPECT_SCORE_PACKING (83%) | RATIO_PASSING_ACCURACY (94%) | GOAL_KICK_SCORE (96%)
89876,Markus Schöller,30.0,STAYED,SV Wacker Burghausen,regionalliga_bayern,0.28719256,85,81.35642135642135,72.005772005772,95.38239538239537,0.1397965,FOOT_USAGE_RATIO_LEFT (98%) | FOOT_USAGE_RATIO_RIGHT (98%) | DEFENSIVE_IMPECT_SCORE_PACKING (85%)
169620,Louis Lord,22.0,PLAYS,Stuttgarter Kickers,regionalliga_suedwest,0.405667995,5,81.18326118326118,94.22799422799423,61.61616161616161,0.9487724,DEFENSIVE_IMPECT_SCORE_PACKING (97%) | RATIO_PASSING_ACCURACY (98%) | GOAL_KICK_SCORE (95%)
85070,Radomir Novakovic,26.0,STAYED,SV Eintracht Trier 05,regionalliga_suedwest,0.405667995,30,81.01010101010101,83.26118326118326,77.63347763347764,0.30201548,DEFENSIVE_IMPECT_SCORE_PACKING (92%) | RATIO_PASSING_ACCURACY (89%) | GK_PREVENTED_GOALS_POST_SHOT_XG_BY_ACTION1V1_AGAINST_GK_SHOT_RATIO (81%)
70463,Teddy Boulhendi,24.0,STAYED,FC Bourg-Péronnas 01,france_3,0.513178375,21,80.63492063492063,73.59307359307358,91.1976911976912,0.15433404,FOOT_USAGE_RATIO_LEFT (91%) | FOOT_USAGE_RATIO_RIGHT (91%) | DEFENSIVE_IMPECT_SCORE_PACKING (68%)
63983,Luca Petzold,24.0,PLAYS,SpVgg Bayreuth,regionalliga_bayern,0.28719256,21,80.46176046176046,96.96969696969697,55.6998556998557,0.96533173,DEFENSIVE_IMPECT_SCORE_PACKING (95%) | RATIO_PASSING_ACCURACY (72%) | FOOT_USAGE_RATIO_LEFT (50%)
68957,Alexandre Pierre,25.0,STAYED,FC Sochaux-Montbéliard,france_3,0.513178375,18,80.17316017316017,71.57287157287158,93.07359307359307,0.1382457,DEFENSIVE_IMPECT_SCORE_PACKING (82%) | FOOT_USAGE_RATIO_LEFT (70%) | FOOT_USAGE_RATIO_RIGHT (70%)
146112,Georgiy Yermakov,23.0,PLAYS,FK Oleksandriya,premier_liga_ukraine,0.401354885,37,79.82683982683983,87.44588744588745,68.3982683982684,0.8719861,FOOT_USAGE_RATIO_LEFT (71%) | FOOT_USAGE_RATIO_RIGHT (71%) | RATIO_PASSING_ACCURACY (59%)
45009,Norman Quindt,29.0,BENCH,Kickers Emden,regionalliga_nord,0.26403716,14,79.76911976911977,73.3044733044733,89.46608946608947,0.1509492,FOOT_USAGE_RATIO_LEFT (96%) | FOOT_USAGE_RATIO_RIGHT (96%) | DEFENSIVE_IMPECT_SCORE_PACKING (62%)
79640,Krisjanis Zviedris,29.0,STAYED,FC Riga,virsliga,0.17575453,55,79.04761904761904,71.71717171717171,90.04329004329004,0.13871472,FOOT_USAGE_RATIO_LEFT (84%) | RATIO_PASSING_ACCURACY (97%) | FOOT_USAGE_RATIO_RIGHT (84%)
62320,Gonzalo Crettaz,26.0,PLAYS,CD Castellón,laliga2,0.6,39,78.81673881673882,89.32178932178932,63.05916305916306,0.89468807,DEFENSIVE_IMPECT_SCORE_PACKING (84%) | GK_PREVENTED_GOALS_POST_SHOT_XG_BY_ACTION1V1_AGAINST_GK_SHOT_RATIO (78%) | DIAGONAL_PASS_SCORE (85%)
51533,Vincent Müller,25.0,PLAYS,MSV Duisburg,bundesliga_3,0.557671055,34,78.73015873015873,88.02308802308802,64.79076479076478,0.88305515,RATIO_PASSING_ACCURACY (78%) | GK_PREVENTED_GOALS_POST_SHOT_XG_BY_ACTION1V1_AGAINST_GK_SHOT_RATIO (92%) | FOOT_USAGE_RATIO_LEFT (50%)
37246,Petr Mikulec,26.0,STAYED,FK Mlada Boleslav,chance_liga,0.345279435,22,78.73015873015873,74.17027417027417,85.56998556998558,0.15650046,DEFENSIVE_IMPECT_SCORE_PACKING (73%) | FOOT_USAGE_RATIO_LEFT (50%) | RATIO_PASSING_ACCURACY (60%)
77461,Jiri Letacek,27.0,STAYED,FC Banik Ostrau,chance_liga,0.345279435,62,78.15295815295815,80.23088023088023,75.03607503607503,0.22740248,DEFENSIVE_IMPECT_SCORE_PACKING (84%) | RATIO_PASSING_ACCURACY (72%) | FOOT_USAGE_RATIO_LEFT (50%)
44570,Hillel Konaté,31.0,PLAYS,LB Châteauroux,france_3,0.513178375,26,77.74891774891776,90.33189033189034,58.87445887445888,0.91413945,FOOT_USAGE_RATIO_LEFT (69%) | FOOT_USAGE_RATIO_RIGHT (69%) | GK_PREVENTED_GOALS_POST_SHOT_XG_BY_ACTION1V1_AGAINST_GK_SHOT_RATIO (94%)
166198,Stojan Lekovic,24.0,STAYED,FK Radnicki 1923 Kragujevac,super_liga_srbije,0.34917809,30,77.34487734487735,77.05627705627705,77.77777777777779,0.18157844,FOOT_USAGE_RATIO_LEFT (80%) | FOOT_USAGE_RATIO_RIGHT (80%) | RATIO_PASSING_ACCURACY (69%)
3863,Luca Plogmann,26.0,PLAYS,FC Dordrecht,keuken_kampioen_divisie,0.433012,34,76.96969696969697,93.07359307359307,52.81385281385281,0.94093555,FOOT_USAGE_RATIO_LEFT (50%) | RATIO_PASSING_ACCURACY (63%) | FOOT_USAGE_RATIO_RIGHT (50%)
126944,Maximilian Brüll,23.0,PLAYS,Borussia Mönchengladbach II,regionalliga_west,0.37057419,36,76.42135642135642,92.35209235209236,52.52525252525253,0.93181264,DEFENSIVE_IMPECT_SCORE_PACKING (87%) | RATIO_PASSING_ACCURACY (97%) | GK_PREVENTED_GOALS_POST_SHOT_XG_BY_ACTION1V1_AGAINST_GK_SHOT_RATIO (94%)
67085,Marcel Hölscher,34.0,STAYED,SC Wiedenbrück,regionalliga_west,0.37057419,75,76.24819624819625,61.471861471861466,98.4126984126984,0.08301389,FOOT_USAGE_RATIO_LEFT (86%) | FOOT_USAGE_RATIO_RIGHT (86%) | DEFENSIVE_IMPECT_SCORE_PACKING (80%)
166234,Marko Gudžulić,23.0,BENCH,FK Vozdovac,super_liga_srbije,0.34917809,8,76.21933621933621,78.35497835497836,73.01587301587301,0.19203036,DEFENSIVE_IMPECT_SCORE_PACKING (87%) | GK_PREVENTED_GOALS_POST_SHOT_XG_BY_ACTION1V1_AGAINST_GK_SHOT_RATIO (93%) | FOOT_USAGE_RATIO_LEFT (50%)
52669,Andrija Katic,24.0,PLAYS,FK Vozdovac,super_liga_srbije,0.34917809,29,76.13275613275613,98.4126984126984,42.712842712842715,0.97308344,RATIO_PASSING_ACCURACY (69%) | FOOT_USAGE_RATIO_LEFT (50%) | FOOT_USAGE_RATIO_RIGHT (50%)
75665,Jort Borgmans,23.0,STAYED,FC Eindhoven,keuken_kampioen_divisie,0.433012,26,76.10389610389612,63.924963924963926,94.37229437229438,0.09340006,FOOT_USAGE_RATIO_LEFT (92%) | FOOT_USAGE_RATIO_RIGHT (93%) | DEFENSIVE_IMPECT_SCORE_PACKING (87%)
66798,Charly Jan,26.0,STAYED,FC Bourg-Péronnas 01,france_3,0.513178375,44,75.75757575757575,61.904761904761905,96.53679653679653,0.084561445,FOOT_USAGE_RATIO_LEFT (99%) | FOOT_USAGE_RATIO_RIGHT (100%) | GK_PREVENTED_GOALS_POST_SHOT_XG_BY_ACTION1V1_AGAINST_GK_SHOT_RATIO (65%)
44322,Dmytro Riznyk,27.0,STAYED,Shakhtar Donetsk,premier_liga_ukraine,0.401354885,66,75.52669552669553,73.16017316017316,79.07647907647907,0.14790186,RATIO_PASSING_ACCURACY (92%) | FOOT_USAGE_RATIO_LEFT (65%) | FOOT_USAGE_RATIO_RIGHT (65%)
27748,Kosei Tani,25.0,PLAYS,FCV Dender EH,challenger_pro_league,0.34851325,1,75.38239538239537,95.23809523809523,45.5988455988456,0.9540496,DEFENSIVE_IMPECT_SCORE_PACKING (71%) | FOOT_USAGE_RATIO_LEFT (50%) | FOOT_USAGE_RATIO_RIGHT (50%)
1353,Nils Körber,29.0,BENCH,SpVgg Greuther Fürth II,regionalliga_bayern,0.28719256,2,75.18037518037518,75.18037518037518,75.18037518037518,0.16581227,DEFENSIVE_IMPECT_SCORE_PACKING (84%) | RATIO_PASSING_ACCURACY (90%) | GK_PREVENTED_GOALS_POST_SHOT_XG_BY_ACTION1V1_AGAINST_GK_SHOT_RATIO (98%)
106769,Kiany Vroman,22.0,STAYED,KSK Lierse Kempenzonen,challenger_pro_league,0.34851325,17,74.6897546897547,68.97546897546898,83.26118326118326,0.123600475,FOOT_USAGE_RATIO_LEFT (82%) | FOOT_USAGE_RATIO_RIGHT (82%) | RATIO_PASSING_ACCURACY (85%)
88744,Sergejs Vilkovs,23.0,STAYED,RFS,virsliga,0.17575453,15,74.19913419913419,80.08658008658008,65.36796536796537,0.22657327,DEFENSIVE_IMPECT_SCORE_PACKING (95%) | RATIO_PASSING_ACCURACY (71%) | GK_SUCCESSFUL_LAUNCHES_PERCENT (99%)
53675,Vic Chambaere,23.0,PLAYS,Jong Genk,challenger_pro_league,0.34851325,2,73.88167388167389,96.1038961038961,40.54834054834055,0.96061015,RATIO_PASSING_ACCURACY (95%) | DEFENSIVE_IMPECT_SCORE_PACKING (67%) | FOOT_USAGE_RATIO_LEFT (50%)
53549,Ennio van der Gouw,26.0,BENCH,SV Zulte Waregem,challenger_pro_league,0.34851325,31,73.7085137085137,75.03607503607503,71.71717171717171,0.16504356,RATIO_PASSING_ACCURACY (89%) | DEFENSIVE_IMPECT_SCORE_PACKING (59%) | GK_PREVENTED_GOALS_POST_SHOT_XG_BY_ACTION1V1_AGAINST_GK_SHOT_RATIO (88%)
27298,Vladyslav Vertey,27.0,STAYED,TSV Aubstadt,regionalliga_bayern,0.28719256,46,73.04473304473305,59.59595959595959,93.21789321789322,0.07706296,DEFENSIVE_IMPECT_SCORE_PACKING (96%) | FOOT_USAGE_RATIO_LEFT (75%) | FOOT_USAGE_RATIO_RIGHT (75%)
103709,Steffen Westphal,26.0,STAYED,SV Lippstadt 08,regionalliga_west,0.37057419,45,72.9004329004329,56.27705627705628,97.83549783549783,0.06581413,FOOT_USAGE_RATIO_LEFT (90%) | DEFENSIVE_IMPECT_SCORE_PACKING (97%) | FOOT_USAGE_RATIO_RIGHT (90%)
136441,Dmytro Ledviy,22.0,STAYED,Rukh Lviv,premier_liga_ukraine,0.401354885,51,71.94805194805194,77.48917748917748,63.63636363636363,0.18308052,FOOT_USAGE_RATIO_LEFT (70%) | FOOT_USAGE_RATIO_RIGHT (70%) | RATIO_PASSING_ACCURACY (48%)
39895,Ortwin De Wolf,28.0,PLAYS,SV Zulte Waregem,challenger_pro_league,0.34851325,16,71.65945165945166,95.95959595959596,35.20923520923521,0.9584476,RATIO_PASSING_ACCURACY (72%) | FOOT_USAGE_RATIO_LEFT (50%) | FOOT_USAGE_RATIO_RIGHT (50%)
5937,Brent Gabriël,27.0,PLAYS,KSC Lokeren-Temse,challenger_pro_league,0.34851325,33,71.45743145743145,94.66089466089466,36.65223665223665,0.95075786,GOAL_KICK_SCORE (86%) | FOOT_USAGE_RATIO_LEFT (32%) | RATIO_PASSING_ACCURACY (40%)
131750,Yuriy-Volodymyr Gereta,22.0,STAYED,Rukh Lviv,premier_liga_ukraine,0.401354885,24,71.02453102453103,71.13997113997114,70.85137085137086,0.1356806,FOOT_USAGE_RATIO_LEFT (67%) | FOOT_USAGE_RATIO_RIGHT (67%) | DEFENSIVE_IMPECT_SCORE_PACKING (51%)
106083,Timo Schlieck,20.0,PLAYS,RSCA Futures,challenger_pro_league,0.34851325,21,70.93795093795094,97.25829725829726,31.457431457431458,0.9670584,RATIO_PASSING_ACCURACY (90%) | GK_PREVENTED_GOALS_POST_SHOT_XG_BY_ACTION1V1_AGAINST_GK_SHOT_RATIO (93%) | GOAL_KICK_SCORE (97%)
158793,Emiliano Márquez,23.0,STAYED,CA Fénix,primera_division_paraguay,0.4,20,70.50505050505049,76.91197691197691,60.89466089466089,0.17770578,RATIO_PASSING_ACCURACY (84%) | DEFENSIVE_IMPECT_SCORE_PACKING (55%) | GK_SUCCESSFUL_LAUNCHES_PERCENT (97%)
56433,Jonas Wendlinger,25.0,STAYED,Almere City FC,keuken_kampioen_divisie,0.433012,21,70.41847041847042,64.35786435786436,79.50937950937951,0.09559712,FOOT_USAGE_RATIO_LEFT (84%) | FOOT_USAGE_RATIO_RIGHT (84%) | GK_PREVENTED_GOALS_POST_SHOT_XG_BY_ACTION1V1_AGAINST_GK_SHOT_RATIO (94%)
63800,David Richter,26.0,STAYED,TSV 1860 München,bundesliga_3,0.557671055,28,70.3896103896104,62.19336219336219,82.68398268398268,0.08613887,DEFENSIVE_IMPECT_SCORE_PACKING (76%) | FOOT_USAGE_RATIO_LEFT (69%) | FOOT_USAGE_RATIO_RIGHT (69%)
66728,Egil Selvik,28.0,STAYED,FK Haugesund,eliteserien,0.5777367099999999,117,70.3030303030303,73.01587301587301,66.23376623376623,0.14783736,FOOT_USAGE_RATIO_LEFT (50%) | DEFENSIVE_IMPECT_SCORE_PACKING (54%) | FOOT_USAGE_RATIO_RIGHT (50%)
53775,Tom Kretzschmar,27.0,STAYED,FC 08 Homburg,regionalliga_suedwest,0.405667995,53,70.18759018759019,77.63347763347764,59.01875901875901,0.1847147,DEFENSIVE_IMPECT_SCORE_PACKING (74%) | RATIO_PASSING_ACCURACY (68%) | FOOT_USAGE_RATIO_LEFT (30%)
168451,Jarno Peters,32.0,STAYED,FC Gütersloh,regionalliga_west,0.37057419,76,70.01443001443002,56.85425685425686,89.75468975468975,0.06898839,DEFENSIVE_IMPECT_SCORE_PACKING (83%) | FOOT_USAGE_RATIO_LEFT (65%) | FOOT_USAGE_RATIO_RIGHT (65%)
5385,Azbe Jug,34.0,STAYED,NK Maribor,prva_liga,0.383098135,80,69.92784992784993,63.05916305916306,80.23088023088023,0.087698035,FOOT_USAGE_RATIO_LEFT (86%) | FOOT_USAGE_RATIO_RIGHT (86%) | RATIO_PASSING_ACCURACY (91%)
19646,Miguel Silva,30.0,STAYED,Beitar Jerusalem,ligat_haal,0.5,54,69.58152958152958,63.347763347763355,78.93217893217893,0.08998274,DEFENSIVE_IMPECT_SCORE_PACKING (94%) | RATIO_PASSING_ACCURACY (70%) | GK_PREVENTED_GOALS_POST_SHOT_XG_BY_ACTION1V1_AGAINST_GK_SHOT_RATIO (77%)
52990,Joon-hong Kim,22.0,STAYED,Gimcheon Sangmu,k_league_1,0.55,32,69.55266955266956,77.92207792207793,56.99855699855701,0.18839993,FOOT_USAGE_RATIO_LEFT (50%) | RATIO_PASSING_ACCURACY (60%) | FOOT_USAGE_RATIO_RIGHT (50%)
117330,Sebastian Maier,30.0,STAYED,SpVgg Hankofen-Hailing,regionalliga_bayern,0.28719256,52,69.55266955266956,67.53246753246754,72.58297258297259,0.115915515,DEFENSIVE_IMPECT_SCORE_PACKING (75%) | FOOT_USAGE_RATIO_LEFT (66%) | FOOT_USAGE_RATIO_RIGHT (66%)
33414,Viljar Myhra,29.0,PLAYS,Strømsgodset IF,eliteserien,0.5777367099999999,115,69.23520923520923,87.59018759018758,41.702741702741704,0.8730767,FOOT_USAGE_RATIO_LEFT (50%) | DEFENSIVE_IMPECT_SCORE_PACKING (53%) | FOOT_USAGE_RATIO_RIGHT (50%)
133147,Gasper Tratnik,26.0,PLAYS,ND Primorje,prva_liga,0.383098135,35,67.82106782106783,86.86868686868688,39.24963924963925,0.8467393,RATIO_PASSING_ACCURACY (71%) | GK_PREVENTED_GOALS_POST_SHOT_XG_BY_ACTION1V1_AGAINST_GK_SHOT_RATIO (70%) | FOOT_USAGE_RATIO_LEFT (34%)
44973,Matthis Harsman,26.0,STAYED,SV Rödinghausen,regionalliga_west,0.37057419,46,67.76334776334777,58.297258297258296,81.96248196248196,0.07448788,FOOT_USAGE_RATIO_LEFT (87%) | FOOT_USAGE_RATIO_RIGHT (87%) | DEFENSIVE_IMPECT_SCORE_PACKING (80%)
75131,Sebastián Lentinelly,28.0,STAYED,Liverpool FC Montevideo,primera_division_paraguay,0.4,55,67.61904761904762,70.56277056277057,63.20346320346321,0.1347689,DEFENSIVE_IMPECT_SCORE_PACKING (86%) | RATIO_PASSING_ACCURACY (82%) | GK_SUCCESSFUL_LAUNCHES_PERCENT (85%)
77555,Jonmi Magunagoitia,25.0,STAYED,SD Eibar,laliga2,0.6,60,67.53246753246754,69.55266955266956,64.5021645021645,0.12661152,DEFENSIVE_IMPECT_SCORE_PACKING (77%) | GK_PREVENTED_GOALS_POST_SHOT_XG_BY_ACTION1V1_AGAINST_GK_SHOT_RATIO (67%) | RATIO_PASSING_ACCURACY (46%)
107694,Julius Pünt,21.0,STAYED,SV Meppen,regionalliga_nord,0.26403716,73,67.3015873015873,53.96825396825397,87.3015873015873,0.06173358,FOOT_USAGE_RATIO_LEFT (87%) | DEFENSIVE_IMPECT_SCORE_PACKING (90%) | FOOT_USAGE_RATIO_RIGHT (87%)
19763,Giannis Anestis,35.0,STAYED,FC Botosani,superliga_romania,0.456571,54,66.83982683982684,58.58585858585859,79.22077922077922,0.07566749,DEFENSIVE_IMPECT_SCORE_PACKING (76%) | FOOT_USAGE_RATIO_LEFT (68%) | FOOT_USAGE_RATIO_RIGHT (69%)
32521,Balsa Popovic,25.0,STAYED,OFK Belgrad,super_liga_srbije,0.34917809,58,66.83982683982683,50.21645021645021,91.77489177489177,0.052746363,FOOT_USAGE_RATIO_LEFT (96%) | FOOT_USAGE_RATIO_RIGHT (96%) | GK_PREVENTED_GOALS_POST_SHOT_XG_BY_ACTION1V1_AGAINST_GK_SHOT_RATIO (84%)
87731,Matevz Vidovsek,26.0,STAYED,NK Olimpija Ljubljana,prva_liga,0.383098135,57,66.75324675324674,54.689754689754686,84.84848484848484,0.06278694,FOOT_USAGE_RATIO_LEFT (95%) | FOOT_USAGE_RATIO_RIGHT (95%) | RATIO_PASSING_ACCURACY (83%)
109353,Elias Bethke,22.0,STAYED,FC Energie Cottbus,bundesliga_3,0.557671055,40,66.23376623376623,68.83116883116884,62.33766233766234,0.12301944,DEFENSIVE_IMPECT_SCORE_PACKING (89%) | RATIO_PASSING_ACCURACY (57%) | GK_PREVENTED_GOALS_POST_SHOT_XG_BY_ACTION1V1_AGAINST_GK_SHOT_RATIO (67%)
66802,Nikita Haikin,30.0,STAYED,FK Bodø/Glimt,eliteserien,0.5777367099999999,162,66.11832611832611,49.494949494949495,91.05339105339105,0.051347017,FOOT_USAGE_RATIO_LEFT (81%) | FOOT_USAGE_RATIO_RIGHT (81%) | DEFENSIVE_IMPECT_SCORE_PACKING (75%)
31219,Marcel Lotka,24.0,BENCH,Borussia Dortmund II,bundesliga_3,0.557671055,54,66.0894660894661,45.887445887445885,96.3924963924964,0.044370577,FOOT_USAGE_RATIO_LEFT (67%) | RATIO_PASSING_ACCURACY (85%) | FOOT_USAGE_RATIO_RIGHT (67%)
103884,Jerik von der Felsen,21.0,STAYED,FC-Astoria Walldorf,regionalliga_suedwest,0.405667995,22,66.08946608946609,67.82106782106783,63.49206349206349,0.11944964,DEFENSIVE_IMPECT_SCORE_PACKING (83%) | RATIO_PASSING_ACCURACY (73%) | GK_PREVENTED_GOALS_POST_SHOT_XG_BY_ACTION_LONG_RANGE_SHOT_RATIO (96%)
103676,Jhonny Peitzmeier,25.0,STAYED,VfB Oldenburg,regionalliga_nord,0.26403716,69,66.03174603174602,59.45165945165945,75.9018759018759,0.076878056,DEFENSIVE_IMPECT_SCORE_PACKING (91%) | RATIO_PASSING_ACCURACY (61%) | GK_SUCCESSFUL_LAUNCHES_PERCENT (72%)
3249,Kjetil Haug,27.0,PLAYS,Vålerenga Fotball,eliteserien,0.5777367099999999,50,65.85858585858585,90.04329004329004,29.58152958152958,0.9093357,FOOT_USAGE_RATIO_LEFT (50%) | GK_PREVENTED_GOALS_POST_SHOT_XG_BY_ACTION1V1_AGAINST_GK_SHOT_RATIO (90%) | FOOT_USAGE_RATIO_RIGHT (50%)
29405,Lazar Carević,26.0,PLAYS,FK Vojvodina Novi Sad,super_liga_srbije,0.34917809,36,65.5988455988456,91.63059163059162,26.551226551226552,0.9231428,FOOT_USAGE_RATIO_LEFT (70%) | FOOT_USAGE_RATIO_RIGHT (71%) | GK_PREVENTED_GOALS_POST_SHOT_XG_BY_ACTION1V1_AGAINST_GK_SHOT_RATIO (57%)
16387,Andreas Linde,32.0,BENCH,Molde FK,eliteserien,0.5777367099999999,52,65.54112554112554,84.4155844155844,37.22943722943723,0.41178706,FOOT_USAGE_RATIO_LEFT (50%) | DEFENSIVE_IMPECT_SCORE_PACKING (53%) | FOOT_USAGE_RATIO_RIGHT (50%)
2934,Ivan Nevistic,27.0,STAYED,GNK Dinamo Zagreb,hnl_1,0.507882825,48,65.07936507936508,64.21356421356421,66.37806637806638,0.094650716,FOOT_USAGE_RATIO_LEFT (70%) | RATIO_PASSING_ACCURACY (88%) | FOOT_USAGE_RATIO_RIGHT (70%)
78657,Zan Luk Leban,23.0,STAYED,NK Celje,prva_liga,0.383098135,21,64.992784992785,65.80086580086581,63.78066378066378,0.103327416,RATIO_PASSING_ACCURACY (92%) | FOOT_USAGE_RATIO_LEFT (69%) | FOOT_USAGE_RATIO_RIGHT (69%)
65869,Marcus Bundgaard,24.0,PLAYS,IF Elfsborg,allsvenskan,0.579539565,13,64.79076479076478,93.36219336219335,21.933621933621932,0.9425166,FOOT_USAGE_RATIO_LEFT (50%) | FOOT_USAGE_RATIO_RIGHT (50%) | GOAL_KICK_SCORE (48%)
149152,Filip Sidklev,21.0,STAYED,IF Brommapojkarna,allsvenskan,0.579539565,23,64.61760461760461,61.038961038961034,69.98556998556998,0.08277674,FOOT_USAGE_RATIO_LEFT (50%) | RATIO_PASSING_ACCURACY (59%) | FOOT_USAGE_RATIO_RIGHT (50%)
1408,Benjamin Uphoff,32.0,STAYED,FC Hansa Rostock,bundesliga_3,0.557671055,80,64.35786435786436,56.56565656565656,76.04617604617604,0.06750715,DEFENSIVE_IMPECT_SCORE_PACKING (69%) | RATIO_PASSING_ACCURACY (76%) | GK_PREVENTED_GOALS_POST_SHOT_XG_BY_ACTION1V1_AGAINST_GK_SHOT_RATIO (89%)
103873,Magnus Sjøeng,23.0,STAYED,Vålerenga Fotball,eliteserien,0.5777367099999999,44,64.32900432900433,72.58297258297259,51.94805194805194,0.14619778,FOOT_USAGE_RATIO_LEFT (90%) | FOOT_USAGE_RATIO_RIGHT (90%) | GK_PREVENTED_GOALS_POST_SHOT_XG_BY_ACTION1V1_AGAINST_GK_SHOT_RATIO (90%)
117276,Samo Pridgar,23.0,STAYED,NK Radomlje,prva_liga,0.383098135,44,64.27128427128427,81.24098124098124,38.81673881673882,0.2456164,RATIO_PASSING_ACCURACY (90%) | GK_SUCCESSFUL_LAUNCHES_PERCENT (84%) | DEFENSIVE_IMPECT_SCORE_PACKING (37%)
162396,Mamour Ndiaye,20.0,STAYED,Sarpsborg 08 FF,eliteserien,0.5777367099999999,29,64.0981240981241,46.320346320346324,90.76479076479076,0.044791456,FOOT_USAGE_RATIO_LEFT (92%) | FOOT_USAGE_RATIO_RIGHT (92%) | DEFENSIVE_IMPECT_SCORE_PACKING (88%)
2227,Marko Johansson,27.0,PLAYS,Halmstads BK,allsvenskan,0.579539565,11,63.57864357864358,87.3015873015873,27.994227994227995,0.8699622,DEFENSIVE_IMPECT_SCORE_PACKING (58%) | FOOT_USAGE_RATIO_LEFT (50%) | FOOT_USAGE_RATIO_RIGHT (50%)
10106,Lennart Grill,27.0,PLAYS,SK Brann,eliteserien,0.5777367099999999,13,63.290043290043286,86.43578643578643,28.57142857142857,0.8366935,FOOT_USAGE_RATIO_LEFT (50%) | FOOT_USAGE_RATIO_RIGHT (50%) | RATIO_PASSING_ACCURACY (50%)
8182,Jakob Tånnander,25.0,STAYED,IK Sirius,allsvenskan,0.579539565,31,63.116883116883116,75.46897546897547,44.58874458874459,0.16668522,FOOT_USAGE_RATIO_LEFT (50%) | FOOT_USAGE_RATIO_RIGHT (50%) | RATIO_PASSING_ACCURACY (46%)
120170,Niv Eliasi,24.0,STAYED,Hapoel Beer Sheva,ligat_haal,0.5,48,62.94372294372293,73.73737373737373,46.75324675324675,0.15438081,DEFENSIVE_IMPECT_SCORE_PACKING (82%) | RATIO_PASSING_ACCURACY (72%) | GK_PREVENTED_GOALS_POST_SHOT_XG_BY_ACTION_LONG_RANGE_SHOT_RATIO (89%)
56228,Joey Houweling,25.0,STAYED,SC Telstar,keuken_kampioen_divisie,0.433012,17,62.56854256854256,82.53968253968253,32.61183261183261,0.2887438,GK_PREVENTED_GOALS_POST_SHOT_XG_BY_ACTION1V1_AGAINST_GK_SHOT_RATIO (98%) | DEFENSIVE_IMPECT_SCORE_PACKING (56%) | FOOT_USAGE_RATIO_LEFT (50%)
179871,Vukasin Jovanovic,18.0,STAYED,FK Jedinstvo Ub,super_liga_srbije,0.34917809,20,62.42424242424243,69.6969696969697,51.515151515151516,0.12823391,FOOT_USAGE_RATIO_LEFT (65%) | RATIO_PASSING_ACCURACY (81%) | FOOT_USAGE_RATIO_RIGHT (65%)
32331,Leopold Wahlstedt,26.0,BENCH,Odds BK,eliteserien,0.5777367099999999,60,62.25108225108225,70.85137085137086,49.35064935064935,0.1352536,FOOT_USAGE_RATIO_LEFT (50%) | RATIO_PASSING_ACCURACY (62%) | FOOT_USAGE_RATIO_RIGHT (50%)
57792,Nediljko Labrovic,26.0,PLAYS,HNK Rijeka,hnl_1,0.507882825,35,62.02020202020202,89.03318903318903,21.5007215007215,0.892496,FOOT_USAGE_RATIO_LEFT (50%) | RATIO_PASSING_ACCURACY (64%) | FOOT_USAGE_RATIO_RIGHT (50%)
21338,Michael Verrips,29.0,PLAYS,FC Groningen,keuken_kampioen_divisie,0.433012,10,61.96248196248196,90.76479076479076,18.75901875901876,0.9164119,RATIO_PASSING_ACCURACY (67%) | FOOT_USAGE_RATIO_LEFT (50%) | FOOT_USAGE_RATIO_RIGHT (50%)
135796,Armin Olayo,23.0,BENCH,1. FC Nürnberg II,regionalliga_bayern,0.28719256,2,61.84704184704185,67.67676767676768,53.102453102453104,0.11812085,RATIO_PASSING_ACCURACY (87%) | GK_PREVENTED_GOALS_POST_SHOT_XG_BY_ACTION1V1_AGAINST_GK_SHOT_RATIO (99%) | DEFENSIVE_IMPECT_SCORE_PACKING (58%)
99699,Kiril Fesyun,23.0,STAYED,Kolos Kovalivka,premier_liga_ukraine,0.401354885,28,61.500721500721504,79.50937950937951,34.48773448773449,0.21445641,RATIO_PASSING_ACCURACY (81%) | DEFENSIVE_IMPECT_SCORE_PACKING (55%) | GK_PREVENTED_GOALS_POST_SHOT_XG_BY_ACTION1V1_AGAINST_GK_SHOT_RATIO (80%)
104775,Noah Brdar,20.0,STAYED,SV Wehen Wiesbaden,bundesliga_3,0.557671055,15,61.44300144300145,60.17316017316018,63.347763347763355,0.07954577,DEFENSIVE_IMPECT_SCORE_PACKING (96%) | GK_PREVENTED_GOALS_POST_SHOT_XG_BY_ACTION_LONG_RANGE_SHOT_RATIO (90%) | DIAGONAL_PASS_SCORE (81%)
102803,Salvi Carrasco,25.0,STAYED,CD Teneriffa,laliga2,0.6,15,61.44300144300144,80.37518037518038,33.04473304473304,0.22889267,GK_PREVENTED_GOALS_POST_SHOT_XG_BY_ACTION1V1_AGAINST_GK_SHOT_RATIO (80%) | DEFENSIVE_IMPECT_SCORE_PACKING (45%) | FOOT_USAGE_RATIO_LEFT (35%)
45963,Lucas Margueron,25.0,STAYED,RFC Seraing,challenger_pro_league,0.34851325,39,61.35642135642135,41.269841269841265,91.48629148629148,0.03600714,FOOT_USAGE_RATIO_LEFT (94%) | FOOT_USAGE_RATIO_RIGHT (94%) | DEFENSIVE_IMPECT_SCORE_PACKING (78%)
50130,Mauro Silveira,25.0,STAYED,Montevideo Wanderers,primera_division_paraguay,0.4,32,61.32756132756133,74.60317460317461,41.41414141414141,0.15896319,RATIO_PASSING_ACCURACY (63%) | GOAL_KICK_SCORE (97%) | GK_PREVENTED_GOALS_POST_SHOT_XG_BY_ACTION_LONG_RANGE_SHOT_RATIO (95%)
78889,Benedikt Grawe,26.0,STAYED,Bahlinger SC,regionalliga_suedwest,0.405667995,84,60.57720057720058,67.38816738816739,50.36075036075036,0.1146617,DEFENSIVE_IMPECT_SCORE_PACKING (83%) | RATIO_PASSING_ACCURACY (57%) | GK_SUCCESSFUL_LAUNCHES_PERCENT (73%)
105636,Tom de Graaff,21.0,PLAYS,FC Utrecht II,keuken_kampioen_divisie,0.433012,55,60.57720057720058,91.34199134199135,14.43001443001443,0.92169017,RATIO_PASSING_ACCURACY (70%) | GK_PREVENTED_GOALS_POST_SHOT_XG_BY_ACTION1V1_AGAINST_GK_SHOT_RATIO (88%) | GK_PREVENTED_GOALS_POST_SHOT_XG_BY_ACTION_CLOSE_RANGE_SHOT_RATIO (89%)
65809,Noel Törnqvist,24.0,STAYED,Mjällby AIF,allsvenskan,0.579539565,81,60.086580086580085,62.33766233766234,56.709956709956714,0.08621087,RATIO_PASSING_ACCURACY (85%) | DEFENSIVE_IMPECT_SCORE_PACKING (65%) | GK_PREVENTED_GOALS_POST_SHOT_XG_BY_ACTION1V1_AGAINST_GK_SHOT_RATIO (71%)
167554,Dominik Dewein,26.0,STAYED,FC Memmingen,regionalliga_bayern,0.28719256,41,59.91341991341992,52.52525252525253,70.995670995671,0.05953252,FOOT_USAGE_RATIO_LEFT (77%) | DEFENSIVE_IMPECT_SCORE_PACKING (81%) | FOOT_USAGE_RATIO_RIGHT (77%)
116118,Heiko Schiefer,26.0,STAYED,SpVgg Ansbach,regionalliga_bayern,0.28719256,53,59.855699855699854,79.36507936507937,30.59163059163059,0.2126029,FOOT_USAGE_RATIO_LEFT (86%) | FOOT_USAGE_RATIO_RIGHT (86%) | DEFENSIVE_IMPECT_SCORE_PACKING (36%)
35380,Yevgen Volynets,32.0,STAYED,SK Dnipro-1,premier_liga_ukraine,0.401354885,59,59.76911976911977,60.46176046176046,58.730158730158735,0.080391146,FOOT_USAGE_RATIO_LEFT (71%) | FOOT_USAGE_RATIO_RIGHT (71%) | DEFENSIVE_IMPECT_SCORE_PACKING (48%)
21255,Rody de Boer,28.0,BENCH,Roda JC Kerkrade,keuken_kampioen_divisie,0.433012,5,59.682539682539684,57.72005772005772,62.62626262626263,0.0719161,DEFENSIVE_IMPECT_SCORE_PACKING (99%) | FOOT_USAGE_RATIO_LEFT (50%) | FOOT_USAGE_RATIO_RIGHT (50%)
30947,Sander Tangvik,23.0,STAYED,Rosenborg BK,eliteserien,0.5777367099999999,68,59.682539682539684,47.33044733044733,78.21067821067821,0.04676061,FOOT_USAGE_RATIO_LEFT (77%) | FOOT_USAGE_RATIO_RIGHT (77%) | RATIO_PASSING_ACCURACY (76%)
12780,Julian Faye Lund,26.0,STAYED,Rosenborg BK,eliteserien,0.5777367099999999,22,59.567099567099575,79.65367965367966,29.43722943722944,0.2157556,FOOT_USAGE_RATIO_LEFT (50%) | GK_PREVENTED_GOALS_POST_SHOT_XG_BY_ACTION1V1_AGAINST_GK_SHOT_RATIO (87%) | FOOT_USAGE_RATIO_RIGHT (50%)
117717,Ties Wieggers,23.0,STAYED,De Graafschap Doetinchem,keuken_kampioen_divisie,0.433012,43,59.36507936507936,66.8109668109668,48.1962481962482,0.11236649,DEFENSIVE_IMPECT_SCORE_PACKING (68%) | RATIO_PASSING_ACCURACY (80%) | GK_PREVENTED_GOALS_POST_SHOT_XG_BY_ACTION_CLOSE_RANGE_SHOT_RATIO (78%)
165653,Samuel Zapico,29.0,STAYED,SG Barockstadt Fulda-Lehnerz,regionalliga_suedwest,0.405667995,59,58.47041847041847,62.914862914862915,51.80375180375181,0.08760966,DEFENSIVE_IMPECT_SCORE_PACKING (91%) | GK_PREVENTED_GOALS_POST_SHOT_XG_BY_ACTION1V1_AGAINST_GK_SHOT_RATIO (67%) | GK_SUCCESSFUL_LAUNCHES_PERCENT (73%)
165490,Ivan Pakholyuk,21.0,STAYED,Kolos Kovalivka,premier_liga_ukraine,0.401354885,44,58.41269841269842,39.82683982683983,86.2914862914863,0.033462055,FOOT_USAGE_RATIO_LEFT (76%) | FOOT_USAGE_RATIO_RIGHT (76%) | DEFENSIVE_IMPECT_SCORE_PACKING (61%)
115907,Janis Beks,23.0,STAYED,BFC Daugavpils,virsliga,0.17575453,30,58.35497835497836,64.93506493506493,48.484848484848484,0.09695909,FOOT_USAGE_RATIO_LEFT (77%) | FOOT_USAGE_RATIO_RIGHT (77%) | RATIO_PASSING_ACCURACY (59%)
30344,Krisztián Hegyi,23.0,PLAYS,FC Den Bosch,keuken_kampioen_divisie,0.433012,17,58.12409812409812,93.21789321789322,5.483405483405483,0.9414306,FOOT_USAGE_RATIO_LEFT (50%) | FOOT_USAGE_RATIO_RIGHT (50%) | GK_PREVENTED_GOALS_POST_SHOT_XG_BY_ACTION_LONG_RANGE_SHOT_RATIO (55%)
57130,Nahuel Suárez,25.0,STAYED,CA Progreso,primera_division_paraguay,0.4,29,57.77777777777777,75.6132756132756,31.024531024531026,0.16791382,DEFENSIVE_IMPECT_SCORE_PACKING (93%) | GK_PREVENTED_GOALS_POST_SHOT_XG_BY_ACTION1V1_AGAINST_GK_SHOT_RATIO (63%) | RATIO_PASSING_ACCURACY (44%)
31713,Fabian de Keijzer,25.0,PLAYS,FC Utrecht II,keuken_kampioen_divisie,0.433012,11,57.6046176046176,91.77489177489177,6.349206349206349,0.9232374,FOOT_USAGE_RATIO_LEFT (50%) | FOOT_USAGE_RATIO_RIGHT (50%) | DEFENSIVE_IMPECT_SCORE_PACKING (29%)
117690,Kilian Nikièma,22.0,STAYED,ADO Den Haag,keuken_kampioen_divisie,0.433012,74,57.17171717171717,63.63636363636363,47.474747474747474,0.092404716,DEFENSIVE_IMPECT_SCORE_PACKING (84%) | GK_PREVENTED_GOALS_POST_SHOT_XG_BY_ACTION1V1_AGAINST_GK_SHOT_RATIO (52%) | RATIO_PASSING_ACCURACY (37%)
20496,Filip Manojlovic,29.0,PLAYS,FK Spartak Subotica,super_liga_srbije,0.34917809,9,57.11399711399711,93.93939393939394,1.875901875901876,0.9485342,FOOT_USAGE_RATIO_LEFT (50%) | FOOT_USAGE_RATIO_RIGHT (50%) | GOAL_KICK_SCORE (93%)
50813,Ouparine Djoco,27.0,PLAYS,Royal Francs Borains,challenger_pro_league,0.34851325,1,56.767676767676775,92.4963924963925,3.1746031746031744,0.933813,GK_PREVENTED_GOALS_POST_SHOT_XG_BY_ACTION1V1_AGAINST_GK_SHOT_RATIO (100%) | FOOT_USAGE_RATIO_LEFT (50%) | FOOT_USAGE_RATIO_RIGHT (50%)
46563,Franz Stolz,25.0,BENCH,FC Rapid Bukarest,superliga_romania,0.456571,11,56.767676767676775,46.03174603174603,72.87157287157288,0.044454183,FOOT_USAGE_RATIO_LEFT (84%) | FOOT_USAGE_RATIO_RIGHT (84%) | RATIO_PASSING_ACCURACY (73%)
10071,Johannes Brinkies,32.0,STAYED,Kickers Offenbach,regionalliga_suedwest,0.405667995,89,56.50793650793651,37.22943722943723,85.42568542568543,0.030851059,FOOT_USAGE_RATIO_LEFT (77%) | DEFENSIVE_IMPECT_SCORE_PACKING (78%) | FOOT_USAGE_RATIO_RIGHT (78%)
29273,Per Kristian Bråtveit,30.0,STAYED,Strømsgodset IF,eliteserien,0.5777367099999999,67,56.24819624819625,50.072150072150066,65.51226551226551,0.05272475,FOOT_USAGE_RATIO_LEFT (79%) | FOOT_USAGE_RATIO_RIGHT (79%) | GK_PREVENTED_GOALS_POST_SHOT_XG_BY_ACTION1V1_AGAINST_GK_SHOT_RATIO (85%)
165743,Michael Gelt,24.0,STAYED,SGV Freiberg,regionalliga_suedwest,0.405667995,63,55.12265512265513,27.994227994227995,95.81529581529583,0.021594116,FOOT_USAGE_RATIO_LEFT (82%) | FOOT_USAGE_RATIO_RIGHT (82%) | DEFENSIVE_IMPECT_SCORE_PACKING (67%)
116723,Pavlo Isenko,22.0,PLAYS,Vorskla Poltava,premier_liga_ukraine,0.401354885,58,54.487734487734485,86.002886002886,7.215007215007215,0.81508774,FOOT_USAGE_RATIO_LEFT (26%) | GK_PREVENTED_GOALS_POST_SHOT_XG_BY_ACTION1V1_AGAINST_GK_SHOT_RATIO (43%) | FOOT_USAGE_RATIO_RIGHT (26%)
30959,Hugo Wentges,24.0,STAYED,ADO Den Haag,keuken_kampioen_divisie,0.433012,24,54.25685425685426,25.685425685425685,97.11399711399712,0.019498913,FOOT_USAGE_RATIO_LEFT (99%) | FOOT_USAGE_RATIO_RIGHT (99%) | DEFENSIVE_IMPECT_SCORE_PACKING (74%)
34133,Martin Zlomislic,27.0,STAYED,HNK Rijeka,hnl_1,0.507882825,59,54.22799422799423,42.857142857142854,71.28427128427128,0.03965878,FOOT_USAGE_RATIO_LEFT (97%) | FOOT_USAGE_RATIO_RIGHT (97%) | RATIO_PASSING_ACCURACY (66%)
278980,Gaël Alette,24.0,STAYED,Football Club Fleury 91,france_3,0.513178375,20,53.96825396825397,40.98124098124098,73.44877344877345,0.035439547,DEFENSIVE_IMPECT_SCORE_PACKING (78%) | RATIO_PASSING_ACCURACY (91%) | GK_SUCCESSFUL_LAUNCHES_PERCENT (88%)
9954,Patrick Siefkes,36.0,STAYED,SV Drochtersen/Assel,regionalliga_nord,0.26403716,89,53.7950937950938,31.746031746031743,86.86868686868688,0.024366802,FOOT_USAGE_RATIO_LEFT (95%) | DEFENSIVE_IMPECT_SCORE_PACKING (93%) | FOOT_USAGE_RATIO_RIGHT (95%)
32298,Mads Hedenstad,25.0,STAYED,Lillestrøm SK,eliteserien,0.5777367099999999,107,53.766233766233775,77.77777777777779,17.74891774891775,0.18543188,FOOT_USAGE_RATIO_LEFT (50%) | FOOT_USAGE_RATIO_RIGHT (50%) | DEFENSIVE_IMPECT_SCORE_PACKING (29%)
74966,Rodrigo Formento,26.0,STAYED,Mushuc Runa SC,liga_pro_ecuador,0.4,48,53.65079365079366,35.35353535353536,81.0966810966811,0.027880317,FOOT_USAGE_RATIO_LEFT (85%) | FOOT_USAGE_RATIO_RIGHT (85%) | DEFENSIVE_IMPECT_SCORE_PACKING (81%)
46212,Oliver Petersen,24.0,STAYED,Molde FK,eliteserien,0.5777367099999999,18,53.56421356421356,79.94227994227994,13.997113997113997,0.2251215,DEFENSIVE_IMPECT_SCORE_PACKING (60%) | FOOT_USAGE_RATIO_LEFT (50%) | FOOT_USAGE_RATIO_RIGHT (50%)
180229,Jonathan Fischer,24.0,PLAYS,Fredrikstad FK,eliteserien,0.5777367099999999,47,53.21789321789321,87.73448773448773,1.443001443001443,0.8804947,GK_PREVENTED_GOALS_POST_SHOT_XG_BY_ACTION_CLOSE_RANGE_SHOT_RATIO (90%) | GK_PREVENTED_GOALS_POST_SHOT_XG_BY_ACTION1V1_AGAINST_GK_SHOT_RATIO (46%) | GK_PREVENTED_GOALS_POST_SHOT_XG_BY_ACTION_LONG_RANGE_SHOT_RATIO (59%)
114869,Luka Lijeskic,21.0,STAYED,FK Radnicki 1923 Kragujevac,super_liga_srbije,0.34917809,31,53.131313131313135,72.2943722943723,24.38672438672439,0.14533673,FOOT_USAGE_RATIO_LEFT (63%) | FOOT_USAGE_RATIO_RIGHT (64%) | GK_PREVENTED_GOALS_POST_SHOT_XG_BY_ACTION1V1_AGAINST_GK_SHOT_RATIO (63%)
117345,Oleksandr Saputin,22.0,STAYED,Zorya Lugansk,premier_liga_ukraine,0.401354885,48,52.871572871572866,61.76046176046176,39.53823953823954,0.083600804,FOOT_USAGE_RATIO_LEFT (80%) | FOOT_USAGE_RATIO_RIGHT (80%) | GK_PREVENTED_GOALS_POST_SHOT_XG_BY_ACTION1V1_AGAINST_GK_SHOT_RATIO (74%)
66027,Klemen Mihelak,24.0,BENCH,NS Mura,prva_liga,0.383098135,24,52.66955266955267,78.64357864357865,13.708513708513708,0.19910163,FOOT_USAGE_RATIO_LEFT (50%) | GK_PREVENTED_GOALS_POST_SHOT_XG_BY_ACTION1V1_AGAINST_GK_SHOT_RATIO (85%) | FOOT_USAGE_RATIO_RIGHT (50%)
52871,Mykyta Turbayevskyi,24.0,STAYED,Zorya Lugansk,premier_liga_ukraine,0.401354885,23,52.43867243867244,34.1991341991342,79.7979797979798,0.026385391,FOOT_USAGE_RATIO_LEFT (81%) | FOOT_USAGE_RATIO_RIGHT (82%) | RATIO_PASSING_ACCURACY (61%)
53529,Matevz Dajcar,24.0,STAYED,NK Olimpija Ljubljana,prva_liga,0.383098135,18,51.97691197691198,33.33333333333333,79.94227994227994,0.025635052,FOOT_USAGE_RATIO_LEFT (70%) | DEFENSIVE_IMPECT_SCORE_PACKING (77%) | FOOT_USAGE_RATIO_RIGHT (70%)
47150,Ruslan Neshcheret,24.0,STAYED,Dynamo Kiew,premier_liga_ukraine,0.401354885,33,51.28427128427128,69.11976911976912,24.53102453102453,0.12547188,RATIO_PASSING_ACCURACY (94%) | GK_PREVENTED_GOALS_POST_SHOT_XG_BY_ACTION_LONG_RANGE_SHOT_RATIO (81%) | GK_SUCCESSFUL_LAUNCHES_PERCENT (75%)
166143,Aleksandar Vulic,24.0,STAYED,FK Spartak Subotica,super_liga_srbije,0.34917809,75,51.1976911976912,60.317460317460316,37.51803751803752,0.08018911,FOOT_USAGE_RATIO_LEFT (74%) | FOOT_USAGE_RATIO_RIGHT (74%) | DEFENSIVE_IMPECT_SCORE_PACKING (57%)
45118,Juan Moreno,26.0,STAYED,Miramar Misiones,primera_division_paraguay,0.4,18,50.7936507936508,41.84704184704185,64.21356421356421,0.03685986,DEFENSIVE_IMPECT_SCORE_PACKING (98%) | FOOT_USAGE_RATIO_LEFT (78%) | FOOT_USAGE_RATIO_RIGHT (78%)
43826,Jacob Karlstrøm,29.0,STAYED,Tromsø IL,eliteserien,0.5777367099999999,127,50.3896103896104,22.22222222222222,92.64069264069265,0.017107818,FOOT_USAGE_RATIO_LEFT (95%) | FOOT_USAGE_RATIO_RIGHT (95%) | RATIO_PASSING_ACCURACY (66%)
34932,Benjamin Siegrist,34.0,BENCH,FC Rapid Bukarest,superliga_romania,0.456571,13,50.38961038961039,57.43145743145743,39.82683982683983,0.07094811,FOOT_USAGE_RATIO_LEFT (64%) | FOOT_USAGE_RATIO_RIGHT (64%) | RATIO_PASSING_ACCURACY (66%)
50137,Kwang-yeon Lee,26.0,STAYED,Gangwon FC,k_league_1,0.55,47,50.18759018759018,78.06637806637806,8.369408369408369,0.1896901,DEFENSIVE_IMPECT_SCORE_PACKING (51%) | GK_PREVENTED_GOALS_POST_SHOT_XG_BY_ACTION1V1_AGAINST_GK_SHOT_RATIO (75%) | FOOT_USAGE_RATIO_LEFT (26%)
104150,Malte Brüning,21.0,BENCH,Hamburger SV II,regionalliga_nord,0.26403716,1,50.1010101010101,76.76767676767676,10.1010101010101,0.17564651,RATIO_PASSING_ACCURACY (93%) | FOOT_USAGE_RATIO_LEFT (50%) | FOOT_USAGE_RATIO_RIGHT (50%)
90033,Marko Dedovic,28.0,STAYED,Blau-Weiß Lohne,regionalliga_nord,0.26403716,74,50.07215007215007,37.085137085137085,69.55266955266956,0.03065547,DEFENSIVE_IMPECT_SCORE_PACKING (93%) | GK_PREVENTED_GOALS_POST_SHOT_XG_BY_ACTION1V1_AGAINST_GK_SHOT_RATIO (93%) | GK_PREVENTED_GOALS_POST_SHOT_XG_BY_ACTION_LONG_RANGE_SHOT_RATIO (93%)
14693,Kevin Dawson,34.0,STAYED,Defensor SC,primera_division_paraguay,0.4,64,49.92784992784993,26.83982683982684,84.55988455988455,0.020835359,FOOT_USAGE_RATIO_LEFT (92%) | FOOT_USAGE_RATIO_RIGHT (92%) | RATIO_PASSING_ACCURACY (73%)
117033,Ármin Pécsi,21.0,STAYED,Puskás Akadémia FC,nemzeti_bajnoksag,0.53889144,32,49.668109668109665,57.287157287157285,38.23953823953824,0.07027179,RATIO_PASSING_ACCURACY (79%) | GK_PREVENTED_GOALS_POST_SHOT_XG_BY_ACTION1V1_AGAINST_GK_SHOT_RATIO (79%) | GK_SUCCESSFUL_LAUNCHES_PERCENT (90%)
6073,Michael Luyambula,26.0,STAYED,Wuppertaler SV,regionalliga_west,0.37057419,44,49.668109668109665,71.42857142857143,17.027417027417027,0.13746047,DEFENSIVE_IMPECT_SCORE_PACKING (39%) | GK_PREVENTED_GOALS_POST_SHOT_XG_BY_ACTION_CLOSE_RANGE_SHOT_RATIO (89%) | FOOT_USAGE_RATIO_LEFT (25%)
159650,Eduardo Bores,23.0,STAYED,Libertad FC,liga_pro_ecuador,0.4,16,49.494949494949495,35.64213564213564,70.27417027417027,0.028729003,FOOT_USAGE_RATIO_LEFT (74%) | DEFENSIVE_IMPECT_SCORE_PACKING (78%) | FOOT_USAGE_RATIO_RIGHT (74%)
68272,Thijs Jansen,24.0,STAYED,SC Cambuur Leeuwarden,keuken_kampioen_divisie,0.433012,115,49.46608946608947,53.67965367965368,43.14574314574315,0.06114083,DEFENSIVE_IMPECT_SCORE_PACKING (65%) | FOOT_USAGE_RATIO_LEFT (29%) | FOOT_USAGE_RATIO_RIGHT (29%)
135629,Dimitrije Stevanovic,21.0,STAYED,FK Radnicki Nis,super_liga_srbije,0.34917809,19,48.88888888888889,68.3982683982684,19.624819624819626,0.12021293,FOOT_USAGE_RATIO_LEFT (74%) | FOOT_USAGE_RATIO_RIGHT (74%) | DEFENSIVE_IMPECT_SCORE_PACKING (37%)
83739,Kevin Kratzsch,23.0,STAYED,Rot-Weiß Oberhausen,regionalliga_west,0.37057419,58,48.71572871572871,54.54545454545454,39.97113997113997,0.062659554,DEFENSIVE_IMPECT_SCORE_PACKING (68%) | RATIO_PASSING_ACCURACY (62%) | GOAL_KICK_SCORE (86%)
105971,Viktor Andersson,21.0,STAYED,IFK Värnamo,allsvenskan,0.579539565,19,48.658008658008654,45.02164502164502,54.112554112554115,0.04295742,FOOT_USAGE_RATIO_LEFT (94%) | FOOT_USAGE_RATIO_RIGHT (94%) | RATIO_PASSING_ACCURACY (65%)
150322,Guilherme Fernandes,24.0,STAYED,Real Valladolid,laliga2,0.6,27,48.629148629148624,36.507936507936506,66.8109668109668,0.030227771,FOOT_USAGE_RATIO_LEFT (91%) | FOOT_USAGE_RATIO_RIGHT (91%) | GK_PREVENTED_GOALS_POST_SHOT_XG_BY_ACTION1V1_AGAINST_GK_SHOT_RATIO (55%)
89721,Felix Thiel,31.0,STAYED,FV Illertissen,regionalliga_bayern,0.28719256,41,48.25396825396825,25.108225108225106,82.97258297258297,0.019269759,DEFENSIVE_IMPECT_SCORE_PACKING (90%) | FOOT_USAGE_RATIO_LEFT (81%) | FOOT_USAGE_RATIO_RIGHT (81%)
26953,Lucas Fox,25.0,STAYED,1. FC Bocholt,regionalliga_west,0.37057419,81,48.08080808080808,23.953823953823957,84.27128427128427,0.01835385,FOOT_USAGE_RATIO_LEFT (74%) | DEFENSIVE_IMPECT_SCORE_PACKING (78%) | FOOT_USAGE_RATIO_RIGHT (75%)
87653,Omer Nir'on,24.0,STAYED,Maccabi Netanya,ligat_haal,0.5,51,48.08080808080808,36.36363636363637,65.65656565656566,0.03015361,FOOT_USAGE_RATIO_LEFT (90%) | FOOT_USAGE_RATIO_RIGHT (91%) | RATIO_PASSING_ACCURACY (62%)
109277,Jan Niemann,21.0,STAYED,FC Teutonia 05 Ottensen,regionalliga_nord,0.26403716,11,47.27272727272727,19.336219336219337,89.17748917748918,0.015225432,DEFENSIVE_IMPECT_SCORE_PACKING (98%) | FOOT_USAGE_RATIO_LEFT (83%) | FOOT_USAGE_RATIO_RIGHT (83%)
29789,Sondre Rossbach,30.0,STAYED,Odds BK,eliteserien,0.5777367099999999,72,46.95526695526696,74.31457431457432,5.916305916305916,0.15854512,FOOT_USAGE_RATIO_LEFT (50%) | FOOT_USAGE_RATIO_RIGHT (50%) | GK_PREVENTED_GOALS_POST_SHOT_XG_BY_ACTION_LONG_RANGE_SHOT_RATIO (72%)
144946,Danylo Varakuta,24.0,STAYED,Chornomorets Odessa,premier_liga_ukraine,0.401354885,36,46.926406926406926,26.551226551226552,77.48917748917748,0.020431172,FOOT_USAGE_RATIO_LEFT (76%) | RATIO_PASSING_ACCURACY (88%) | FOOT_USAGE_RATIO_RIGHT (76%)
78648,Iker Álvarez,24.0,STAYED,FC Córdoba,laliga2,0.6,21,46.868686868686865,43.001443001443,52.669552669552665,0.039688468,RATIO_PASSING_ACCURACY (86%) | GK_PREVENTED_GOALS_POST_SHOT_XG_BY_ACTION_CLOSE_RANGE_SHOT_RATIO (96%) | FOOT_USAGE_RATIO_LEFT (28%)
34553,David Lazar,34.0,STAYED,FC Buzău,superliga_romania,0.456571,26,46.72438672438673,37.37373737373738,60.750360750360755,0.030990483,FOOT_USAGE_RATIO_LEFT (96%) | FOOT_USAGE_RATIO_RIGHT (96%) | DEFENSIVE_IMPECT_SCORE_PACKING (82%)
165565,Luka Bas,23.0,STAYED,NK Radomlje,prva_liga,0.383098135,10,46.637806637806634,68.68686868686868,13.564213564213565,0.12200191,GK_PREVENTED_GOALS_POST_SHOT_XG_BY_ACTION_LONG_RANGE_SHOT_RATIO (99%) | RATIO_PASSING_ACCURACY (42%) | FOOT_USAGE_RATIO_LEFT (26%)
75844,Pepijn van de Merbel,23.0,STAYED,FC Den Bosch,keuken_kampioen_divisie,0.433012,63,46.37806637806638,25.252525252525253,78.06637806637806,0.019405179,FOOT_USAGE_RATIO_LEFT (72%) | FOOT_USAGE_RATIO_RIGHT (72%) | DEFENSIVE_IMPECT_SCORE_PACKING (50%)
1725,Mauro Goicoechea,37.0,STAYED,Danubio FC,primera_division_paraguay,0.4,61,46.17604617604617,17.027417027417027,89.8989898989899,0.012855412,FOOT_USAGE_RATIO_LEFT (78%) | FOOT_USAGE_RATIO_RIGHT (78%) | RATIO_PASSING_ACCURACY (69%)
89762,Lucas Zahaczewski,25.0,STAYED,SpVgg Bayreuth,regionalliga_bayern,0.28719256,49,46.06060606060606,36.075036075036074,61.038961038961034,0.02991095,DEFENSIVE_IMPECT_SCORE_PACKING (84%) | GK_SUCCESSFUL_LAUNCHES_PERCENT (81%) | DIAGONAL_PASS_SCORE (88%)
3822,Mees Bakker,25.0,STAYED,De Graafschap Doetinchem,keuken_kampioen_divisie,0.433012,31,45.82972582972583,12.40981240981241,95.95959595959596,0.009816628,FOOT_USAGE_RATIO_LEFT (95%) | DEFENSIVE_IMPECT_SCORE_PACKING (92%) | FOOT_USAGE_RATIO_RIGHT (95%)
68015,Sullivan Péan,26.0,STAYED,FC Villefranche-Beaujolais,france_3,0.513178375,53,44.992784992785,14.574314574314574,90.62049062049063,0.011626317,FOOT_USAGE_RATIO_LEFT (99%) | FOOT_USAGE_RATIO_RIGHT (99%) | RATIO_PASSING_ACCURACY (59%)
96962,Philipp Schulze,23.0,STAYED,SC Verl,bundesliga_3,0.557671055,79,44.96392496392497,38.095238095238095,55.266955266955264,0.03143566,DEFENSIVE_IMPECT_SCORE_PACKING (82%) | RATIO_PASSING_ACCURACY (93%) | GK_PREVENTED_GOALS_POST_SHOT_XG_BY_ACTION1V1_AGAINST_GK_SHOT_RATIO (43%)
168453,Ron Meyer,28.0,STAYED,FC Wegberg-Beeck,regionalliga_west,0.37057419,62,44.58874458874459,29.58152958152958,67.09956709956711,0.022968102,FOOT_USAGE_RATIO_LEFT (87%) | FOOT_USAGE_RATIO_RIGHT (88%) | DEFENSIVE_IMPECT_SCORE_PACKING (66%)
115946,Nadav Zamir,24.0,STAYED,Hapoel Jerusalem,ligat_haal,0.5,51,44.0981240981241,46.17604617604618,40.98124098124098,0.044715736,DEFENSIVE_IMPECT_SCORE_PACKING (80%) | GK_PREVENTED_GOALS_POST_SHOT_XG_BY_ACTION_LONG_RANGE_SHOT_RATIO (91%) | FOOT_USAGE_RATIO_LEFT (32%)
38255,Andriy Kozhukhar,26.0,STAYED,NK Veres Rivne,premier_liga_ukraine,0.401354885,27,44.098124098124096,66.95526695526695,9.812409812409813,0.11399181,FOOT_USAGE_RATIO_LEFT (70%) | FOOT_USAGE_RATIO_RIGHT (70%) | GK_PREVENTED_GOALS_POST_SHOT_XG_BY_ACTION_LONG_RANGE_SHOT_RATIO (77%)
814,Balázs Megyeri,35.0,STAYED,Debreceni VSC,nemzeti_bajnoksag,0.53889144,41,44.069264069264065,30.735930735930733,64.06926406926407,0.023498815,FOOT_USAGE_RATIO_LEFT (68%) | FOOT_USAGE_RATIO_RIGHT (68%) | GK_PREVENTED_GOALS_POST_SHOT_XG_BY_ACTION1V1_AGAINST_GK_SHOT_RATIO (79%)
86239,Toni Silic,21.0,STAYED,HNK Hajduk Split,hnl_1,0.507882825,14,44.04040404040404,41.55844155844156,47.76334776334777,0.036603328,GK_PREVENTED_GOALS_POST_SHOT_XG_BY_ACTION1V1_AGAINST_GK_SHOT_RATIO (98%) | RATIO_PASSING_ACCURACY (63%) | DEFENSIVE_IMPECT_SCORE_PACKING (51%)
32227,Emil Ødegaard,26.0,STAYED,KFUM-Kameratene Oslo,eliteserien,0.5777367099999999,54,43.92496392496393,32.900432900432904,60.46176046176046,0.025139283,DEFENSIVE_IMPECT_SCORE_PACKING (88%) | FOOT_USAGE_RATIO_LEFT (66%) | FOOT_USAGE_RATIO_RIGHT (67%)
45492,Jokin Ezkieta,29.0,STAYED,Racing Santander,laliga2,0.6,67,43.52092352092352,27.417027417027416,67.67676767676768,0.02134349,FOOT_USAGE_RATIO_LEFT (68%) | DEFENSIVE_IMPECT_SCORE_PACKING (66%) | FOOT_USAGE_RATIO_RIGHT (68%)
61813,Kyeong-min Kim,34.0,STAYED,Gwangju FC,k_league_1,0.55,69,43.29004329004329,23.665223665223664,72.72727272727273,0.01815629,FOOT_USAGE_RATIO_LEFT (70%) | FOOT_USAGE_RATIO_RIGHT (70%) | DEFENSIVE_IMPECT_SCORE_PACKING (63%)
145173,Luis Idjakovic,24.0,BENCH,FC-Astoria Walldorf,regionalliga_suedwest,0.405667995,9,42.770562770562776,62.62626262626263,12.987012987012985,0.08678166,RATIO_PASSING_ACCURACY (72%) | FOOT_USAGE_RATIO_LEFT (50%) | FOOT_USAGE_RATIO_RIGHT (50%)
13144,Bence Gundel-Takács,27.0,STAYED,Zalaegerszegi TE FC,nemzeti_bajnoksag,0.53889144,41,42.68398268398268,39.39393939393939,47.61904761904761,0.03322396,DEFENSIVE_IMPECT_SCORE_PACKING (73%) | GK_PREVENTED_GOALS_POST_SHOT_XG_BY_ACTION1V1_AGAINST_GK_SHOT_RATIO (82%) | DIAGONAL_PASS_SCORE (82%)
44255,Nikola Mirkovic,34.0,STAYED,FK Novi Pazar,super_liga_srbije,0.34917809,63,42.45310245310245,52.38095238095239,27.56132756132756,0.059372753,GK_PREVENTED_GOALS_POST_SHOT_XG_BY_ACTION1V1_AGAINST_GK_SHOT_RATIO (70%) | DEFENSIVE_IMPECT_SCORE_PACKING (42%) | GOAL_KICK_SCORE (83%)
1396,Ivan Lucic,30.0,STAYED,HNK Hajduk Split,hnl_1,0.507882825,40,42.36652236652236,15.873015873015872,82.1067821067821,0.012118924,FOOT_USAGE_RATIO_LEFT (87%) | FOOT_USAGE_RATIO_RIGHT (87%) | RATIO_PASSING_ACCURACY (66%)
191918,Simon Eriksson,19.0,STAYED,IF Elfsborg,allsvenskan,0.579539565,20,41.99134199134199,66.52236652236653,5.194805194805195,0.10593311,FOOT_USAGE_RATIO_LEFT (35%) | GK_PREVENTED_GOALS_POST_SHOT_XG_BY_ACTION1V1_AGAINST_GK_SHOT_RATIO (59%) | FOOT_USAGE_RATIO_RIGHT (35%)
70556,Jakob Golz,27.0,STAYED,Rot-Weiss Essen,bundesliga_3,0.557671055,88,41.875901875901874,41.702741702741704,42.13564213564214,0.03685885,DEFENSIVE_IMPECT_SCORE_PACKING (49%) | GK_PREVENTED_GOALS_POST_SHOT_XG_BY_ACTION1V1_AGAINST_GK_SHOT_RATIO (81%) | RATIO_PASSING_ACCURACY (47%)
43777,Anders Kristiansen,35.0,STAYED,Sarpsborg 08 FF,eliteserien,0.5777367099999999,64,41.73160173160173,59.74025974025974,14.71861471861472,0.07711269,FOOT_USAGE_RATIO_LEFT (50%) | RATIO_PASSING_ACCURACY (63%) | FOOT_USAGE_RATIO_RIGHT (50%)
77349,Nathan Yavorsky,24.0,STAYED,FC Versailles 78,france_3,0.513178375,17,41.673881673881674,36.65223665223665,49.2063492063492,0.030236684,DEFENSIVE_IMPECT_SCORE_PACKING (48%) | RATIO_PASSING_ACCURACY (52%) | FOOT_USAGE_RATIO_LEFT (35%)
67339,Stefan Drljaca,26.0,STAYED,SG Dynamo Dresden,bundesliga_3,0.557671055,16,41.44300144300144,17.893217893217894,76.76767676767676,0.01337946,RATIO_PASSING_ACCURACY (87%) | DEFENSIVE_IMPECT_SCORE_PACKING (53%) | GK_SUCCESSFUL_LAUNCHES_PERCENT (90%)
21358,Wouter van der Steen,35.0,STAYED,Helmond Sport,keuken_kampioen_divisie,0.433012,98,41.41414141414141,44.877344877344875,36.21933621933622,0.042954277,RATIO_PASSING_ACCURACY (56%) | DEFENSIVE_IMPECT_SCORE_PACKING (44%) | GOAL_KICK_SCORE (72%)
29032,Marko Malenica,32.0,STAYED,NK Osijek,hnl_1,0.507882825,79,41.38528138528139,40.115440115440116,43.290043290043286,0.033884943,FOOT_USAGE_RATIO_LEFT (67%) | FOOT_USAGE_RATIO_RIGHT (67%) | GK_PREVENTED_GOALS_POST_SHOT_XG_BY_ACTION1V1_AGAINST_GK_SHOT_RATIO (89%)
29165,Cătălin Căbuz,29.0,STAYED,FC Hermannstadt,superliga_romania,0.456571,61,41.35642135642136,19.76911976911977,73.73737373737373,0.015517416,FOOT_USAGE_RATIO_LEFT (71%) | FOOT_USAGE_RATIO_RIGHT (72%) | DEFENSIVE_IMPECT_SCORE_PACKING (63%)
45952,Jannick Theißen,28.0,STAYED,1. FC Düren,regionalliga_west,0.37057419,55,40.750360750360755,24.81962481962482,64.64646464646465,0.01901731,FOOT_USAGE_RATIO_LEFT (75%) | DEFENSIVE_IMPECT_SCORE_PACKING (81%) | FOOT_USAGE_RATIO_RIGHT (76%)
3724,Hugo Keto,28.0,STAYED,Sandefjord Fotball,eliteserien,0.5777367099999999,96,40.721500721500725,54.97835497835498,19.336219336219337,0.063202865,GK_PREVENTED_GOALS_POST_SHOT_XG_BY_ACTION1V1_AGAINST_GK_SHOT_RATIO (87%) | RATIO_PASSING_ACCURACY (58%) | DIAGONAL_PASS_SCORE (71%)
20794,David Mitov Nilsson,35.0,STAYED,Sarpsborg 08 FF,eliteserien,0.5777367099999999,57,40.086580086580085,59.884559884559884,10.38961038961039,0.077835895,FOOT_USAGE_RATIO_LEFT (50%) | FOOT_USAGE_RATIO_RIGHT (50%) | GOAL_KICK_SCORE (77%)
68641,Metod Jurhar,28.0,STAYED,FC Koper,prva_liga,0.383098135,55,39.97113997113997,59.307359307359306,10.966810966810966,0.07626973,RATIO_PASSING_ACCURACY (79%) | GK_PREVENTED_GOALS_POST_SHOT_XG_BY_ACTION1V1_AGAINST_GK_SHOT_RATIO (78%) | FOOT_USAGE_RATIO_LEFT (27%)
1236,Max Grün,38.0,STAYED,SV Viktoria Aschaffenburg,regionalliga_bayern,0.28719256,80,39.7979797979798,3.0303030303030303,94.94949494949495,0.0042782454,DEFENSIVE_IMPECT_SCORE_PACKING (90%) | FOOT_USAGE_RATIO_LEFT (80%) | FOOT_USAGE_RATIO_RIGHT (80%)
221526,Mohammed Abu Nil,24.0,STAYED,Ihud Bnei Sachnin,ligat_haal,0.5,46,39.7979797979798,14.862914862914863,77.2005772005772,0.011774669,FOOT_USAGE_RATIO_LEFT (93%) | FOOT_USAGE_RATIO_RIGHT (93%) | DEFENSIVE_IMPECT_SCORE_PACKING (69%)
170283,Xavier Gies,29.0,STAYED,FCV Dender EH,challenger_pro_league,0.34851325,54,39.682539682539684,48.62914862914863,26.262626262626267,0.05026417,DEFENSIVE_IMPECT_SCORE_PACKING (56%) | RATIO_PASSING_ACCURACY (55%) | GK_PREVENTED_GOALS_POST_SHOT_XG_BY_ACTION1V1_AGAINST_GK_SHOT_RATIO (75%)
30449,Trevor Doornbusch,26.0,STAYED,VVV-Venlo,keuken_kampioen_divisie,0.433012,15,39.62481962481962,44.58874458874459,32.17893217893218,0.04271156,DIAGONAL_PASS_SCORE (90%) | GK_PREVENTED_GOALS_POST_SHOT_XG_BY_ACTION_CLOSE_RANGE_SHOT_RATIO (97%) | RATIO_PASSING_ACCURACY (42%)
135654,Lazar Kalicanin,21.0,STAYED,FK Cukaricki,super_liga_srbije,0.34917809,29,39.53823953823954,46.75324675324675,28.715728715728716,0.045211546,FOOT_USAGE_RATIO_LEFT (79%) | FOOT_USAGE_RATIO_RIGHT (79%) | DEFENSIVE_IMPECT_SCORE_PACKING (37%)
29092,Matija Orbanic,25.0,STAYED,NK Bravo,prva_liga,0.383098135,66,39.39393939393939,57.86435786435786,11.688311688311687,0.07206825,DEFENSIVE_IMPECT_SCORE_PACKING (47%) | GK_PREVENTED_GOALS_POST_SHOT_XG_BY_ACTION_CLOSE_RANGE_SHOT_RATIO (85%) | GK_PREVENTED_GOALS_POST_SHOT_XG_BY_ACTION1V1_AGAINST_GK_SHOT_RATIO (49%)
43991,Mathias Dyngeland,30.0,STAYED,SK Brann,eliteserien,0.5777367099999999,90,39.16305916305917,43.43434343434344,32.75613275613276,0.040482435,DEFENSIVE_IMPECT_SCORE_PACKING (60%) | DIAGONAL_PASS_SCORE (94%) | RATIO_PASSING_ACCURACY (25%)
162345,Kees Sims,22.0,STAYED,GAIS Göteborg,allsvenskan,0.579539565,15,39.047619047619044,16.305916305916305,73.16017316017316,0.012315754,FOOT_USAGE_RATIO_LEFT (92%) | DEFENSIVE_IMPECT_SCORE_PACKING (97%) | FOOT_USAGE_RATIO_RIGHT (92%)
116237,Max Putz,36.0,STAYED,DJK Vilzing,regionalliga_bayern,0.28719256,65,38.903318903318905,32.323232323232325,48.77344877344878,0.02453392,FOOT_USAGE_RATIO_LEFT (83%) | FOOT_USAGE_RATIO_RIGHT (83%) | DEFENSIVE_IMPECT_SCORE_PACKING (39%)
20739,André Hansen,36.0,STAYED,Rosenborg BK,eliteserien,0.5777367099999999,111,38.35497835497836,48.917748917748916,22.51082251082251,0.05046186,FOOT_USAGE_RATIO_LEFT (50%) | RATIO_PASSING_ACCURACY (59%) | FOOT_USAGE_RATIO_RIGHT (50%)
83295,Pablo Campos,23.0,STAYED,FC Cartagena,laliga2,0.6,35,38.32611832611833,38.961038961038966,37.37373737373738,0.032314833,GK_PREVENTED_GOALS_POST_SHOT_XG_BY_ACTION1V1_AGAINST_GK_SHOT_RATIO (97%) | GK_PREVENTED_GOALS_POST_SHOT_XG_BY_ACTION_LONG_RANGE_SHOT_RATIO (94%) | DEFENSIVE_IMPECT_SCORE_PACKING (37%)
37461,Denis Rusu,35.0,STAYED,AFC Unirea 04 Slobozia,superliga_romania,0.456571,23,38.18181818181819,26.118326118326117,56.27705627705628,0.019962983,FOOT_USAGE_RATIO_LEFT (88%) | FOOT_USAGE_RATIO_RIGHT (88%) | GK_PREVENTED_GOALS_POST_SHOT_XG_BY_ACTION1V1_AGAINST_GK_SHOT_RATIO (74%)
48986,Samuel Petras,26.0,STAYED,ETO FC Győr,nemzeti_bajnoksag,0.53889144,26,37.92207792207792,34.05483405483405,43.722943722943725,0.02606908,DEFENSIVE_IMPECT_SCORE_PACKING (77%) | RATIO_PASSING_ACCURACY (47%) | GK_PREVENTED_GOALS_POST_SHOT_XG_BY_ACTION1V1_AGAINST_GK_SHOT_RATIO (58%)
161408,David Andersson,22.0,STAYED,IFK Norrköping,allsvenskan,0.579539565,29,37.86435786435786,48.1962481962482,22.366522366522368,0.0491831,FOOT_USAGE_RATIO_LEFT (98%) | FOOT_USAGE_RATIO_RIGHT (98%) | GK_PREVENTED_GOALS_POST_SHOT_XG_BY_ACTION_CLOSE_RANGE_SHOT_RATIO (61%)
32300,Kristoffer Klaesson,25.0,STAYED,Vålerenga Fotball,eliteserien,0.5777367099999999,56,37.48917748917749,61.327561327561334,1.7316017316017316,0.08300268,DEFENSIVE_IMPECT_SCORE_PACKING (66%) | GK_PREVENTED_GOALS_POST_SHOT_XG_BY_ACTION1V1_AGAINST_GK_SHOT_RATIO (40%) | GK_PREVENTED_GOALS_POST_SHOT_XG_BY_ACTION_LONG_RANGE_SHOT_RATIO (48%)
116815,Denis Pintol,26.0,BENCH,ND Primorje,prva_liga,0.383098135,34,37.46031746031746,24.53102453102453,56.85425685425686,0.01884509,FOOT_USAGE_RATIO_LEFT (73%) | RATIO_PASSING_ACCURACY (94%) | FOOT_USAGE_RATIO_RIGHT (73%)
27185,Lucien Hawryluk,25.0,STAYED,SV Waldhof Mannheim,bundesliga_3,0.557671055,17,37.43145743145743,39.97113997113997,33.62193362193362,0.033647615,DEFENSIVE_IMPECT_SCORE_PACKING (61%) | GK_PREVENTED_GOALS_POST_SHOT_XG_BY_ACTION1V1_AGAINST_GK_SHOT_RATIO (99%) | RATIO_PASSING_ACCURACY (69%)
136492,Áron Yaakobishvili,20.0,STAYED,FC Andorra,laliga2,0.6,21,37.22943722943723,23.08802308802309,58.44155844155844,0.017997751,RATIO_PASSING_ACCURACY (98%) | DEFENSIVE_IMPECT_SCORE_PACKING (42%) | GK_SUCCESSFUL_LAUNCHES_PERCENT (88%)
49045,Valdemar Birksø,24.0,BENCH,Fredrikstad FK,eliteserien,0.5777367099999999,1,37.229437229437224,51.94805194805194,15.151515151515152,0.058564138,DEFENSIVE_IMPECT_SCORE_PACKING (100%) | GK_PREVENTED_GOALS_POST_SHOT_XG_BY_ACTION1V1_AGAINST_GK_SHOT_RATIO (100%) | GK_PREVENTED_GOALS_POST_SHOT_XG_BY_ACTION_LONG_RANGE_SHOT_RATIO (44%)
217165,Nazar Domchak,18.0,STAYED,Karpaty Lviv,premier_liga_ukraine,0.401354885,15,37.113997113997115,51.65945165945166,15.295815295815295,0.058242638,FOOT_USAGE_RATIO_LEFT (33%) | GOAL_KICK_SCORE (84%) | FOOT_USAGE_RATIO_RIGHT (34%)
119249,Adrian Sæther,24.0,STAYED,Kristiansund BK,eliteserien,0.5777367099999999,22,37.085137085137085,61.61616161616161,0.2886002886002886,0.08310129,GK_PREVENTED_GOALS_POST_SHOT_XG_BY_ACTION1V1_AGAINST_GK_SHOT_RATIO (98%) | DIAGONAL_PASS_SCORE (39%) | DEFENSIVE_IMPECT_SCORE_PACKING (8%)
99640,Nikola Ivezic,22.0,STAYED,Lommel SK,challenger_pro_league,0.34851325,28,35.72871572871573,47.90764790764791,17.46031746031746,0.04850058,RATIO_PASSING_ACCURACY (63%) | GK_PREVENTED_GOALS_POST_SHOT_XG_BY_ACTION_LONG_RANGE_SHOT_RATIO (92%) | FOOT_USAGE_RATIO_LEFT (33%)
217773,Matija Gocmanac,22.0,STAYED,FK Vojvodina Novi Sad,super_liga_srbije,0.34917809,15,35.64213564213564,48.34054834054834,16.594516594516595,0.04967931,DEFENSIVE_IMPECT_SCORE_PACKING (42%) | FOOT_USAGE_RATIO_LEFT (36%) | GK_SUCCESSFUL_LAUNCHES_PERCENT (81%)
34475,Matus Macik,32.0,BENCH,SK Sigma Olmütz,chance_liga,0.345279435,28,35.526695526695526,51.22655122655123,11.976911976911978,0.055633992,DEFENSIVE_IMPECT_SCORE_PACKING (49%) | GK_PREVENTED_GOALS_POST_SHOT_XG_BY_ACTION_LONG_RANGE_SHOT_RATIO (98%) | GK_PREVENTED_GOALS_POST_SHOT_XG_BY_ACTION_CLOSE_RANGE_SHOT_RATIO (88%)
116814,Zan Mauricio,21.0,STAYED,NK Nafta 1903,prva_liga,0.383098135,30,35.20923520923521,57.14285714285714,2.3088023088023086,0.06952999,GK_PREVENTED_GOALS_POST_SHOT_XG_BY_ACTION1V1_AGAINST_GK_SHOT_RATIO (78%) | FOOT_USAGE_RATIO_LEFT (23%) | FOOT_USAGE_RATIO_RIGHT (24%)
53522,Matis Carvalho,26.0,STAYED,Le Puy Foot 43 Auvergne,france_3,0.513178375,21,35.03607503607503,43.57864357864358,22.22222222222222,0.04084958,GK_PREVENTED_GOALS_POST_SHOT_XG_BY_ACTION1V1_AGAINST_GK_SHOT_RATIO (84%) | GK_PREVENTED_GOALS_POST_SHOT_XG_BY_ACTION_LONG_RANGE_SHOT_RATIO (92%) | GOAL_KICK_SCORE (88%)
9661,Martin Männel,37.0,STAYED,FC Erzgebirge Aue,bundesliga_3,0.557671055,93,34.920634920634924,13.852813852813853,66.52236652236653,0.010854611,DEFENSIVE_IMPECT_SCORE_PACKING (71%) | RATIO_PASSING_ACCURACY (78%) | GK_SUCCESSFUL_LAUNCHES_PERCENT (90%)
41063,Alfonso Herrero,31.0,STAYED,FC Málaga,laliga2,0.6,68,34.86291486291486,14.71861471861472,65.07936507936508,0.011701432,FOOT_USAGE_RATIO_LEFT (74%) | FOOT_USAGE_RATIO_RIGHT (74%) | GOAL_KICK_SCORE (95%)
106643,Franko Kolic,23.0,STAYED,NK Istra 1961,hnl_1,0.507882825,29,34.71861471861472,42.56854256854257,22.943722943722943,0.038636126,FOOT_USAGE_RATIO_LEFT (77%) | FOOT_USAGE_RATIO_RIGHT (77%) | RATIO_PASSING_ACCURACY (59%)
26680,Celton Biai,25.0,STAYED,FC Dordrecht,keuken_kampioen_divisie,0.433012,47,34.54545454545455,26.984126984126984,45.887445887445885,0.021090899,DEFENSIVE_IMPECT_SCORE_PACKING (74%) | GK_PREVENTED_GOALS_POST_SHOT_XG_BY_ACTION1V1_AGAINST_GK_SHOT_RATIO (97%) | DIAGONAL_PASS_SCORE (82%)
6682,Jakob Haugaard,33.0,STAYED,Tromsø IL,eliteserien,0.5777367099999999,113,34.1991341991342,40.54834054834055,24.675324675324674,0.034710698,GK_PREVENTED_GOALS_POST_SHOT_XG_BY_ACTION1V1_AGAINST_GK_SHOT_RATIO (66%) | DEFENSIVE_IMPECT_SCORE_PACKING (38%) | DIAGONAL_PASS_SCORE (92%)
87147,Uros Likar,26.0,STAYED,NK Bravo,prva_liga,0.383098135,26,34.17027417027417,27.705627705627705,43.867243867243864,0.02150854,FOOT_USAGE_RATIO_LEFT (86%) | FOOT_USAGE_RATIO_RIGHT (87%) | RATIO_PASSING_ACCURACY (44%)
199882,Lazar Balevic,18.0,STAYED,FK Napredak Krusevac,super_liga_srbije,0.34917809,39,34.141414141414145,30.158730158730158,40.115440115440116,0.023294028,FOOT_USAGE_RATIO_LEFT (77%) | FOOT_USAGE_RATIO_RIGHT (77%) | DEFENSIVE_IMPECT_SCORE_PACKING (53%)
146070,Zeljko Samcovic,23.0,STAYED,FK Novi Pazar,super_liga_srbije,0.34917809,41,33.56421356421356,53.246753246753244,4.040404040404041,0.06063965,DEFENSIVE_IMPECT_SCORE_PACKING (47%) | FOOT_USAGE_RATIO_LEFT (26%) | FOOT_USAGE_RATIO_RIGHT (26%)
7086,Andrés Fernández,39.0,STAYED,Levante UD,laliga2,0.6,68,33.36219336219336,0.5772005772005772,82.53968253968253,0.0019676117,FOOT_USAGE_RATIO_LEFT (95%) | FOOT_USAGE_RATIO_RIGHT (95%) | RATIO_PASSING_ACCURACY (58%)
53710,Oleksandr Kemkin,23.0,STAYED,Karpaty Lviv,premier_liga_ukraine,0.401354885,40,33.275613275613274,16.017316017316016,59.16305916305916,0.012137893,FOOT_USAGE_RATIO_LEFT (76%) | FOOT_USAGE_RATIO_RIGHT (77%) | GK_PREVENTED_GOALS_POST_SHOT_XG_BY_ACTION1V1_AGAINST_GK_SHOT_RATIO (92%)
9664,Marius Funk,30.0,STAYED,FC Ingolstadt 04,bundesliga_3,0.557671055,83,32.55411255411255,3.751803751803752,75.75757575757575,0.005102059,FOOT_USAGE_RATIO_LEFT (74%) | FOOT_USAGE_RATIO_RIGHT (74%) | DEFENSIVE_IMPECT_SCORE_PACKING (61%)
175974,Tom Bramel,20.0,STAYED,Vitesse Arnheim,keuken_kampioen_divisie,0.433012,27,32.09235209235209,30.59163059163059,34.34343434343434,0.023454236,DEFENSIVE_IMPECT_SCORE_PACKING (49%) | DIAGONAL_PASS_SCORE (78%) | FOOT_USAGE_RATIO_LEFT (28%)
57884,Mathieu Patouillet,22.0,STAYED,FC Sochaux-Montbéliard,france_3,0.513178375,32,31.774891774891778,18.9033189033189,51.082251082251084,0.014933822,RATIO_PASSING_ACCURACY (95%) | GK_SUCCESSFUL_LAUNCHES_PERCENT (96%) | GOAL_KICK_SCORE (92%)
66789,Justin Bengui,20.0,STAYED,FK Jedinstvo Ub,super_liga_srbije,0.34917809,20,31.774891774891774,31.89033189033189,31.601731601731604,0.024380911,FOOT_USAGE_RATIO_LEFT (84%) | FOOT_USAGE_RATIO_RIGHT (84%) | GOAL_KICK_SCORE (88%)
28160,Ander Cantero,31.0,STAYED,Burgos CF,laliga2,0.6,69,31.68831168831169,49.63924963924964,4.761904761904762,0.051907323,GK_PREVENTED_GOALS_POST_SHOT_XG_BY_ACTION1V1_AGAINST_GK_SHOT_RATIO (48%) | RATIO_PASSING_ACCURACY (29%) | DEFENSIVE_IMPECT_SCORE_PACKING (24%)
75651,Sem Westerveld,23.0,STAYED,MVV Maastricht,keuken_kampioen_divisie,0.433012,46,30.937950937950937,26.262626262626267,37.95093795093795,0.02023323,DEFENSIVE_IMPECT_SCORE_PACKING (74%) | RATIO_PASSING_ACCURACY (48%) | GK_PREVENTED_GOALS_POST_SHOT_XG_BY_ACTION1V1_AGAINST_GK_SHOT_RATIO (42%)
27226,Yevgeniy Kucherenko,26.0,STAYED,LNZ Cherkasy,premier_liga_ukraine,0.401354885,33,30.56277056277056,32.75613275613276,27.27272727272727,0.02493889,GK_PREVENTED_GOALS_POST_SHOT_XG_BY_ACTION1V1_AGAINST_GK_SHOT_RATIO (85%) | DEFENSIVE_IMPECT_SCORE_PACKING (43%) | RATIO_PASSING_ACCURACY (40%)
12428,Luis Mejía,34.0,STAYED,Club Nacional,primera_division_paraguay,0.4,56,30.12987012987013,22.51082251082251,41.55844155844156,0.017443122,RATIO_PASSING_ACCURACY (89%) | DEFENSIVE_IMPECT_SCORE_PACKING (60%) | GOAL_KICK_SCORE (92%)
16732,Dong-jun Kim,31.0,STAYED,Jeju United,k_league_1,0.55,62,30.014430014430015,22.7994227994228,40.83694083694084,0.017893573,DEFENSIVE_IMPECT_SCORE_PACKING (73%) | RATIO_PASSING_ACCURACY (56%) | GK_PREVENTED_GOALS_POST_SHOT_XG_BY_ACTION1V1_AGAINST_GK_SHOT_RATIO (74%)
137041,Mihai Popa,25.0,STAYED,CFR Cluj,superliga_romania,0.456571,14,29.004329004329005,29.87012987012987,27.705627705627705,0.023115098,FOOT_USAGE_RATIO_LEFT (78%) | FOOT_USAGE_RATIO_RIGHT (78%) | DEFENSIVE_IMPECT_SCORE_PACKING (57%)
75094,Fabrizio Correa,25.0,STAYED,CA River Plate Montevideo,primera_division_paraguay,0.4,32,28.946608946608954,11.976911976911978,54.40115440115441,0.009768347,FOOT_USAGE_RATIO_LEFT (97%) | FOOT_USAGE_RATIO_RIGHT (97%) | DEFENSIVE_IMPECT_SCORE_PACKING (45%)
116674,Otto Hindrich,23.0,BENCH,CFR Cluj,superliga_romania,0.456571,42,28.946608946608947,46.897546897546896,2.0202020202020203,0.04550394,GK_PREVENTED_GOALS_POST_SHOT_XG_BY_ACTION1V1_AGAINST_GK_SHOT_RATIO (77%) | RATIO_PASSING_ACCURACY (33%) | GK_PREVENTED_GOALS_POST_SHOT_XG_BY_ACTION_LONG_RANGE_SHOT_RATIO (50%)
70485,Lautaro Amadé,26.0,STAYED,Racing Club de Montevideo,primera_division_paraguay,0.4,35,28.744588744588746,11.255411255411255,54.97835497835498,0.0093049565,FOOT_USAGE_RATIO_LEFT (89%) | FOOT_USAGE_RATIO_RIGHT (89%) | DEFENSIVE_IMPECT_SCORE_PACKING (40%)
135846,Yakiv Kinareykin,22.0,STAYED,Karpaty Lviv,premier_liga_ukraine,0.401354885,19,28.65800865800866,31.601731601731604,24.242424242424242,0.024304343,FOOT_USAGE_RATIO_LEFT (35%) | DEFENSIVE_IMPECT_SCORE_PACKING (36%) | GOAL_KICK_SCORE (81%)
89542,David Celic,23.0,STAYED,IK Sirius,allsvenskan,0.579539565,16,28.542568542568546,13.41991341991342,51.22655122655123,0.010239116,FOOT_USAGE_RATIO_LEFT (67%) | FOOT_USAGE_RATIO_RIGHT (67%) | GK_PREVENTED_GOALS_POST_SHOT_XG_BY_ACTION1V1_AGAINST_GK_SHOT_RATIO (94%)
180348,Robin Wallinder,26.0,STAYED,Östers IF,allsvenskan,0.579539565,30,28.167388167388168,5.483405483405483,62.19336219336219,0.005955358,FOOT_USAGE_RATIO_LEFT (93%) | FOOT_USAGE_RATIO_RIGHT (93%) | GOAL_KICK_SCORE (91%)
107163,Christian Rust,21.0,STAYED,SC Weiche Flensburg 08,regionalliga_nord,0.26403716,35,27.965367965367967,19.19191919191919,41.125541125541126,0.0150641855,DEFENSIVE_IMPECT_SCORE_PACKING (90%) | GK_PREVENTED_GOALS_POST_SHOT_XG_BY_ACTION_CLOSE_RANGE_SHOT_RATIO (89%) | GK_PREVENTED_GOALS_POST_SHOT_XG_BY_ACTION1V1_AGAINST_GK_SHOT_RATIO (53%)
5419,Rubén Yáñez,32.0,STAYED,Sporting Gijón,laliga2,0.6,66,27.67676767676768,39.682539682539684,9.668109668109668,0.033311695,GK_PREVENTED_GOALS_POST_SHOT_XG_BY_ACTION1V1_AGAINST_GK_SHOT_RATIO (73%) | DEFENSIVE_IMPECT_SCORE_PACKING (30%) | GK_PREVENTED_GOALS_POST_SHOT_XG_BY_ACTION_LONG_RANGE_SHOT_RATIO (63%)
66731,Jacob Storevik,29.0,STAYED,Sandefjord Fotball,eliteserien,0.5777367099999999,103,27.59018759018759,12.698412698412698,49.92784992784993,0.009902924,FOOT_USAGE_RATIO_LEFT (98%) | FOOT_USAGE_RATIO_RIGHT (99%) | DIAGONAL_PASS_SCORE (83%)
116458,Péter Szappanos,35.0,STAYED,Paksi FC,nemzeti_bajnoksag,0.53889144,67,27.21500721500722,14.285714285714285,46.60894660894661,0.011261209,FOOT_USAGE_RATIO_LEFT (78%) | FOOT_USAGE_RATIO_RIGHT (78%) | DEFENSIVE_IMPECT_SCORE_PACKING (64%)
141296,Matthias Pieklak,19.0,STAYED,Lommel SK,challenger_pro_league,0.34851325,34,27.041847041847042,28.42712842712843,24.963924963924963,0.022164218,RATIO_PASSING_ACCURACY (72%) | GK_PREVENTED_GOALS_POST_SHOT_XG_BY_ACTION1V1_AGAINST_GK_SHOT_RATIO (83%) | GOAL_KICK_SCORE (90%)
75225,Luca Giossa,25.0,STAYED,Miramar Misiones,primera_division_paraguay,0.4,31,27.041847041847042,11.11111111111111,50.93795093795094,0.0092334,FOOT_USAGE_RATIO_LEFT (83%) | FOOT_USAGE_RATIO_RIGHT (83%) | DEFENSIVE_IMPECT_SCORE_PACKING (54%)
214022,Igor Nikic,25.0,STAYED,CD Mirandés,laliga2,0.6,16,27.01298701298701,36.94083694083694,12.121212121212121,0.030595044,FOOT_USAGE_RATIO_LEFT (97%) | FOOT_USAGE_RATIO_RIGHT (98%) | GK_PREVENTED_GOALS_POST_SHOT_XG_BY_ACTION_LONG_RANGE_SHOT_RATIO (90%)
122714,Nejc Dermastija,22.0,STAYED,NS Mura,prva_liga,0.383098135,15,26.78210678210678,31.16883116883117,20.2020202020202,0.023981381,RATIO_PASSING_ACCURACY (74%) | GOAL_KICK_SCORE (83%) | GK_PREVENTED_GOALS_POST_SHOT_XG_BY_ACTION_CLOSE_RANGE_SHOT_RATIO (97%)
16146,Jun-su Ahn,28.0,STAYED,Suwon FC,k_league_1,0.55,64,26.695526695526695,6.204906204906205,57.43145743145743,0.006320678,FOOT_USAGE_RATIO_LEFT (90%) | FOOT_USAGE_RATIO_RIGHT (90%) | GK_PREVENTED_GOALS_POST_SHOT_XG_BY_ACTION1V1_AGAINST_GK_SHOT_RATIO (58%)
104815,Konstantin Heide,20.0,STAYED,SpVgg Unterhaching,bundesliga_3,0.557671055,24,26.493506493506494,15.584415584415584,42.857142857142854,0.012099844,FOOT_USAGE_RATIO_LEFT (67%) | FOOT_USAGE_RATIO_RIGHT (67%) | GK_PREVENTED_GOALS_POST_SHOT_XG_BY_ACTION1V1_AGAINST_GK_SHOT_RATIO (95%)
43842,Marcus Sandberg,35.0,STAYED,Stabæk Fotball,eliteserien,0.5777367099999999,139,26.37806637806638,19.624819624819626,36.507936507936506,0.015514582,FOOT_USAGE_RATIO_LEFT (100%) | FOOT_USAGE_RATIO_RIGHT (100%) | GK_PREVENTED_GOALS_POST_SHOT_XG_BY_ACTION1V1_AGAINST_GK_SHOT_RATIO (49%)
6784,Kristoffer Nordfeldt,36.0,STAYED,AIK Solna,allsvenskan,0.579539565,86,26.204906204906205,9.812409812409813,50.79365079365079,0.008381563,FOOT_USAGE_RATIO_LEFT (85%) | FOOT_USAGE_RATIO_RIGHT (86%) | RATIO_PASSING_ACCURACY (52%)
57879,Ivan Guteša,23.0,STAYED,Roter Stern Belgrad,super_liga_srbije,0.34917809,15,26.11832611832612,22.655122655122657,31.313131313131315,0.017648853,DEFENSIVE_IMPECT_SCORE_PACKING (92%) | RATIO_PASSING_ACCURACY (84%) | GOAL_KICK_SCORE (84%)
65872,Karlo Sentic,24.0,STAYED,Diósgyőri VTK,nemzeti_bajnoksag,0.53889144,27,26.118326118326117,16.594516594516595,40.4040404040404,0.012583865,FOOT_USAGE_RATIO_LEFT (90%) | FOOT_USAGE_RATIO_RIGHT (90%) | GK_PREVENTED_GOALS_POST_SHOT_XG_BY_ACTION1V1_AGAINST_GK_SHOT_RATIO (96%)
90013,Max Böhnke,22.0,STAYED,SV Schalding-Heining,regionalliga_bayern,0.28719256,54,25.714285714285715,12.842712842712842,45.02164502164502,0.009936184,DEFENSIVE_IMPECT_SCORE_PACKING (91%) | RATIO_PASSING_ACCURACY (52%) | GOAL_KICK_SCORE (75%)
116715,Martin Dala,21.0,STAYED,Fehérvár FC,nemzeti_bajnoksag,0.53889144,15,25.310245310245307,29.004329004329005,19.76911976911977,0.022715582,FOOT_USAGE_RATIO_LEFT (73%) | FOOT_USAGE_RATIO_RIGHT (74%) | GK_PREVENTED_GOALS_POST_SHOT_XG_BY_ACTION1V1_AGAINST_GK_SHOT_RATIO (75%)
57821,Ivan Banic,31.0,STAYED,HNK Gorica,hnl_1,0.507882825,72,24.76190476190476,34.92063492063492,9.523809523809524,0.027082037,GK_PREVENTED_GOALS_POST_SHOT_XG_BY_ACTION_LONG_RANGE_SHOT_RATIO (88%) | FOOT_USAGE_RATIO_LEFT (34%) | FOOT_USAGE_RATIO_RIGHT (34%)
68876,Jong-beom Baek,25.0,STAYED,FC Seoul,k_league_1,0.55,18,24.32900432900433,4.761904761904762,53.67965367965368,0.0056635938,FOOT_USAGE_RATIO_LEFT (94%) | FOOT_USAGE_RATIO_RIGHT (94%) | RATIO_PASSING_ACCURACY (74%)
180581,Tae-hui Han,21.0,STAYED,Daegu FC,k_league_1,0.55,19,23.838383838383837,28.57142857142857,16.738816738816737,0.022224024,GK_PREVENTED_GOALS_POST_SHOT_XG_BY_ACTION1V1_AGAINST_GK_SHOT_RATIO (69%) | GK_PREVENTED_GOALS_POST_SHOT_XG_BY_ACTION_LONG_RANGE_SHOT_RATIO (82%) | GK_PREVENTED_GOALS_POST_SHOT_XG_BY_ACTION_CLOSE_RANGE_SHOT_RATIO (95%)
111833,Victor Aznar,23.0,STAYED,FC Cádiz,laliga2,0.6,30,23.80952380952381,2.4531024531024532,55.84415584415584,0.0041064275,FOOT_USAGE_RATIO_LEFT (89%) | FOOT_USAGE_RATIO_RIGHT (90%) | GK_PREVENTED_GOALS_POST_SHOT_XG_BY_ACTION1V1_AGAINST_GK_SHOT_RATIO (61%)
33634,Ivan Krajcirik,25.0,STAYED,MFK Ruzomberok,fortuna_liga_slovakia,0.528078685,13,23.78066378066378,31.457431457431458,12.265512265512266,0.024216527,DEFENSIVE_IMPECT_SCORE_PACKING (45%) | GOAL_KICK_SCORE (96%) | GK_PREVENTED_GOALS_POST_SHOT_XG_BY_ACTION1V1_AGAINST_GK_SHOT_RATIO (59%)
116838,Ștefan Târnovanu,25.0,STAYED,FCSB,superliga_romania,0.456571,58,23.463203463203463,22.07792207792208,25.541125541125542,0.016868012,RATIO_PASSING_ACCURACY (64%) | FOOT_USAGE_RATIO_LEFT (36%) | FOOT_USAGE_RATIO_RIGHT (36%)
107693,Felix Wienand,23.0,STAYED,Rot-Weiss Essen,bundesliga_3,0.557671055,13,23.03030303030303,33.477633477633475,7.35930735930736,0.025684599,GK_PREVENTED_GOALS_POST_SHOT_XG_BY_ACTION_CLOSE_RANGE_SHOT_RATIO (92%) | DEFENSIVE_IMPECT_SCORE_PACKING (28%) | RATIO_PASSING_ACCURACY (32%)
32167,Isak Pettersson,28.0,STAYED,Stabæk Fotball,eliteserien,0.5777367099999999,57,22.886002886002885,32.467532467532465,8.513708513708513,0.024658948,DEFENSIVE_IMPECT_SCORE_PACKING (71%) | GK_PREVENTED_GOALS_POST_SHOT_XG_BY_ACTION1V1_AGAINST_GK_SHOT_RATIO (39%) | DIAGONAL_PASS_SCORE (56%)
27821,Riccardo Piscitelli,32.0,STAYED,Újpest FC,nemzeti_bajnoksag,0.53889144,64,22.22222222222222,32.61183261183261,6.637806637806638,0.024791114,DEFENSIVE_IMPECT_SCORE_PACKING (41%) | RATIO_PASSING_ACCURACY (45%) | GK_PREVENTED_GOALS_POST_SHOT_XG_BY_ACTION1V1_AGAINST_GK_SHOT_RATIO (59%)
86246,Antonio Djakovic,24.0,STAYED,HNK Sibenik,hnl_1,0.507882825,22,21.991341991341987,34.34343434343434,3.463203463203463,0.026546026,RATIO_PASSING_ACCURACY (61%) | GOAL_KICK_SCORE (95%) | GK_SUCCESSFUL_LAUNCHES_PERCENT (74%)
43762,Sean McDermott,32.0,STAYED,Kristiansund BK,eliteserien,0.5777367099999999,69,21.81818181818182,35.4978354978355,1.2987012987012987,0.02818069,GK_PREVENTED_GOALS_POST_SHOT_XG_BY_ACTION1V1_AGAINST_GK_SHOT_RATIO (46%) | GK_SUCCESSFUL_LAUNCHES_PERCENT (53%) | DEFENSIVE_IMPECT_SCORE_PACKING (22%)
178099,In-jae Hwang,31.0,STAYED,Pohang Steelers,k_league_1,0.55,62,21.7027417027417,20.49062049062049,23.52092352092352,0.015897468,GOAL_KICK_SCORE (88%) | FOOT_USAGE_RATIO_LEFT (30%) | RATIO_PASSING_ACCURACY (39%)
118613,Marino Bulat,26.0,STAYED,HNK Vukovar 1991,hnl_1,0.507882825,17,21.673881673881674,26.406926406926406,14.574314574314574,0.020331265,FOOT_USAGE_RATIO_LEFT (89%) | FOOT_USAGE_RATIO_RIGHT (89%) | GK_PREVENTED_GOALS_POST_SHOT_XG_BY_ACTION1V1_AGAINST_GK_SHOT_RATIO (71%)
34563,Alexandru Buzbuchi,32.0,STAYED,FCV Farul Constanta,superliga_romania,0.456571,64,21.385281385281385,1.875901875901876,50.649350649350644,0.0034879742,FOOT_USAGE_RATIO_LEFT (85%) | FOOT_USAGE_RATIO_RIGHT (85%) | RATIO_PASSING_ACCURACY (60%)
32809,Lukas Jonsson,33.0,STAYED,VfL Osnabrück,bundesliga_3,0.557671055,55,20.663780663780663,20.77922077922078,20.49062049062049,0.015923807,DEFENSIVE_IMPECT_SCORE_PACKING (64%) | FOOT_USAGE_RATIO_LEFT (22%) | FOOT_USAGE_RATIO_RIGHT (22%)
3078,Patrik Demjén,27.0,STAYED,MTK Budapest,nemzeti_bajnoksag,0.53889144,78,20.51948051948052,7.35930735930736,40.25974025974026,0.0070770415,DEFENSIVE_IMPECT_SCORE_PACKING (57%) | RATIO_PASSING_ACCURACY (35%) | GOAL_KICK_SCORE (66%)
538,Dénes Dibusz,35.0,STAYED,Ferencváros Budapest,nemzeti_bajnoksag,0.53889144,67,20.115440115440116,11.3997113997114,33.18903318903319,0.009349179,RATIO_PASSING_ACCURACY (90%) | GOAL_KICK_SCORE (91%) | GK_SUCCESSFUL_LAUNCHES_PERCENT (84%)
126501,Paul Argney,19.0,BENCH,Royal Francs Borains,challenger_pro_league,0.34851325,1,20.086580086580085,33.18903318903319,0.4329004329004329,0.025612809,GOAL_KICK_SCORE (98%) | GK_PREVENTED_GOALS_POST_SHOT_XG_BY_ACTION1V1_AGAINST_GK_SHOT_RATIO (33%) | FOOT_USAGE_RATIO_LEFT (16%)
78774,Marian Aioani,26.0,STAYED,FC Rapid Bukarest,superliga_romania,0.456571,25,19.76911976911977,11.688311688311687,31.89033189033189,0.00948179,RATIO_PASSING_ACCURACY (58%) | GK_SUCCESSFUL_LAUNCHES_PERCENT (78%) | GK_PREVENTED_GOALS_POST_SHOT_XG_BY_ACTION_LONG_RANGE_SHOT_RATIO (80%)
83207,Lovro Stubljar,21.0,STAYED,NK Domzale,prva_liga,0.383098135,43,19.682539682539684,29.725829725829726,4.617604617604617,0.023074072,RATIO_PASSING_ACCURACY (47%) | DIAGONAL_PASS_SCORE (72%) | GK_PREVENTED_GOALS_POST_SHOT_XG_BY_ACTION1V1_AGAINST_GK_SHOT_RATIO (44%)
5065,Aleksandar Jovanovic,33.0,STAYED,FK Partizan Belgrad,super_liga_srbije,0.34917809,70,19.595959595959595,7.07070707070707,38.38383838383838,0.0069778305,FOOT_USAGE_RATIO_LEFT (76%) | FOOT_USAGE_RATIO_RIGHT (76%) | RATIO_PASSING_ACCURACY (34%)
133156,Sasa Stamenkovic,41.0,STAYED,FK Mladost Lucani,super_liga_srbije,0.34917809,95,19.42279942279942,12.554112554112553,29.725829725829726,0.009863845,GK_PREVENTED_GOALS_POST_SHOT_XG_BY_ACTION1V1_AGAINST_GK_SHOT_RATIO (92%) | GK_PREVENTED_GOALS_POST_SHOT_XG_BY_ACTION_CLOSE_RANGE_SHOT_RATIO (92%) | GOAL_KICK_SCORE (75%)
146113,Valentyn Gorokh,25.0,STAYED,NK Veres Rivne,premier_liga_ukraine,0.401354885,19,19.422799422799418,30.447330447330444,2.886002886002886,0.023345485,GK_PREVENTED_GOALS_POST_SHOT_XG_BY_ACTION1V1_AGAINST_GK_SHOT_RATIO (81%) | GK_PREVENTED_GOALS_POST_SHOT_XG_BY_ACTION_CLOSE_RANGE_SHOT_RATIO (88%) | DIAGONAL_PASS_SCORE (40%)
67458,Beau Reus,24.0,STAYED,SK Beveren,challenger_pro_league,0.34851325,84,19.393939393939394,18.47041847041847,20.77922077922078,0.014438948,RATIO_PASSING_ACCURACY (52%) | GK_PREVENTED_GOALS_POST_SHOT_XG_BY_ACTION_LONG_RANGE_SHOT_RATIO (92%) | DEFENSIVE_IMPECT_SCORE_PACKING (32%)
66684,Nikola Cavlina,23.0,STAYED,NK Lokomotiva Zagreb,hnl_1,0.507882825,22,19.01875901875902,19.480519480519483,18.326118326118326,0.015505284,GK_SUCCESSFUL_LAUNCHES_PERCENT (93%) | RATIO_PASSING_ACCURACY (42%) | GOAL_KICK_SCORE (80%)
83267,Lucas Lavallée,23.0,STAYED,LB Châteauroux,france_3,0.513178375,35,18.73015873015873,24.0981240981241,10.678210678210679,0.018537533,RATIO_PASSING_ACCURACY (85%) | FOOT_USAGE_RATIO_LEFT (33%) | GOAL_KICK_SCORE (81%)
153339,Jordi Belin,30.0,STAYED,Patro Eisden Maasmechelen,challenger_pro_league,0.34851325,75,18.52813852813853,6.637806637806638,36.36363636363637,0.0067681028,DEFENSIVE_IMPECT_SCORE_PACKING (63%) | GK_PREVENTED_GOALS_POST_SHOT_XG_BY_ACTION1V1_AGAINST_GK_SHOT_RATIO (65%) | GK_PREVENTED_GOALS_POST_SHOT_XG_BY_ACTION_CLOSE_RANGE_SHOT_RATIO (97%)
28573,Sharif Kaiuf,24.0,STAYED,Maccabi Haifa,ligat_haal,0.5,36,17.92207792207792,15.44011544011544,21.645021645021643,0.011993244,FOOT_USAGE_RATIO_LEFT (73%) | FOOT_USAGE_RATIO_RIGHT (73%) | GOAL_KICK_SCORE (82%)
182327,Mladen Jurkas,18.0,STAYED,FK Borac Banja Luka,premijer_liga_bih,0.536591375,15,17.2005772005772,10.38961038961039,27.417027417027416,0.008631895,FOOT_USAGE_RATIO_LEFT (69%) | FOOT_USAGE_RATIO_RIGHT (69%) | RATIO_PASSING_ACCURACY (42%)
77420,Ivan Susak,28.0,STAYED,Slaven Belupo Koprivnica,hnl_1,0.507882825,44,17.142857142857142,7.215007215007215,32.03463203463203,0.007031298,FOOT_USAGE_RATIO_LEFT (79%) | FOOT_USAGE_RATIO_RIGHT (79%) | GOAL_KICK_SCORE (90%)
40509,Dani Jiménez,36.0,STAYED,SD Huesca,laliga2,0.6,59,16.998556998557,0.4329004329004329,41.84704184704185,0.0018784532,FOOT_USAGE_RATIO_LEFT (89%) | FOOT_USAGE_RATIO_RIGHT (89%) | GK_PREVENTED_GOALS_POST_SHOT_XG_BY_ACTION_LONG_RANGE_SHOT_RATIO (84%)
87946,Vedad Muftic,24.0,STAYED,FK Zeljeznicar Sarajevo,premijer_liga_bih,0.536591375,17,16.27705627705628,4.040404040404041,34.63203463203463,0.0053263134,FOOT_USAGE_RATIO_LEFT (68%) | FOOT_USAGE_RATIO_RIGHT (68%) | GK_PREVENTED_GOALS_POST_SHOT_XG_BY_ACTION1V1_AGAINST_GK_SHOT_RATIO (66%)
75802,Bill Lathouwers,26.0,STAYED,RWD Molenbeek,challenger_pro_league,0.34851325,49,16.017316017316016,2.7417027417027415,35.93073593073593,0.004127158,DEFENSIVE_IMPECT_SCORE_PACKING (47%) | GK_PREVENTED_GOALS_POST_SHOT_XG_BY_ACTION_LONG_RANGE_SHOT_RATIO (72%) | GK_PREVENTED_GOALS_POST_SHOT_XG_BY_ACTION1V1_AGAINST_GK_SHOT_RATIO (46%)
44105,Hyeon-woo Jo,34.0,STAYED,Ulsan Hyundai,k_league_1,0.55,71,15.844155844155843,18.037518037518037,12.554112554112553,0.013715428,RATIO_PASSING_ACCURACY (94%) | GOAL_KICK_SCORE (82%) | GK_PREVENTED_GOALS_POST_SHOT_XG_BY_ACTION_LONG_RANGE_SHOT_RATIO (58%)
182743,Lan Jovanovic,19.0,STAYED,NK Aluminij Kidricevo,prva_liga,0.383098135,8,15.555555555555555,25.82972582972583,0.1443001443001443,0.01974806,GK_PREVENTED_GOALS_POST_SHOT_XG_BY_ACTION_LONG_RANGE_SHOT_RATIO (97%) | FOOT_USAGE_RATIO_LEFT (23%) | FOOT_USAGE_RATIO_RIGHT (23%)
166038,Bence Varga,30.0,STAYED,Kecskeméti TE,nemzeti_bajnoksag,0.53889144,26,15.036075036075037,21.78932178932179,4.9062049062049065,0.016790101,DEFENSIVE_IMPECT_SCORE_PACKING (64%) | GK_PREVENTED_GOALS_POST_SHOT_XG_BY_ACTION1V1_AGAINST_GK_SHOT_RATIO (83%) | DIAGONAL_PASS_SCORE (31%)
55736,Chang-geun Lee,32.0,STAYED,Daejeon Hana Citizen,k_league_1,0.55,61,15.036075036075035,3.896103896103896,31.746031746031743,0.005122067,FOOT_USAGE_RATIO_LEFT (66%) | FOOT_USAGE_RATIO_RIGHT (66%) | GK_PREVENTED_GOALS_POST_SHOT_XG_BY_ACTION_CLOSE_RANGE_SHOT_RATIO (92%)
9002,Daniel Tenenbaum,30.0,STAYED,Ironi Tiberias,ligat_haal,0.5,54,14.516594516594518,4.184704184704184,30.014430014430015,0.0053957133,FOOT_USAGE_RATIO_LEFT (93%) | FOOT_USAGE_RATIO_RIGHT (94%) | GOAL_KICK_SCORE (73%)
33937,Dragan Rosic,29.0,STAYED,FK Vojvodina Novi Sad,super_liga_srbije,0.34917809,65,14.141414141414142,9.523809523809524,21.06782106782107,0.008049791,DEFENSIVE_IMPECT_SCORE_PACKING (53%) | GK_PREVENTED_GOALS_POST_SHOT_XG_BY_ACTION1V1_AGAINST_GK_SHOT_RATIO (65%) | GK_PREVENTED_GOALS_POST_SHOT_XG_BY_ACTION_LONG_RANGE_SHOT_RATIO (90%)
166253,Strahinja Manojlovic,23.0,STAYED,FK Javor-Matis Ivanjica,super_liga_srbije,0.34917809,76,13.679653679653681,2.5974025974025974,30.303030303030305,0.004106933,FOOT_USAGE_RATIO_LEFT (76%) | FOOT_USAGE_RATIO_RIGHT (76%) | GK_PREVENTED_GOALS_POST_SHOT_XG_BY_ACTION1V1_AGAINST_GK_SHOT_RATIO (61%)
52335,Lovro Majkic,26.0,STAYED,NK Istra 1961,hnl_1,0.507882825,65,11.082251082251084,5.194805194805195,19.913419913419915,0.005788012,FOOT_USAGE_RATIO_LEFT (99%) | FOOT_USAGE_RATIO_RIGHT (99%) | RATIO_PASSING_ACCURACY (35%)
42471,Oliver Zelenika,32.0,STAYED,NK Varazdin,hnl_1,0.507882825,89,10.245310245310247,9.668109668109668,11.11111111111111,0.008166524,RATIO_PASSING_ACCURACY (61%) | DEFENSIVE_IMPECT_SCORE_PACKING (35%) | GK_SUCCESSFUL_LAUNCHES_PERCENT (70%)
114827,Elis Bishesari,20.0,STAYED,IFK Göteborg,allsvenskan,0.579539565,37,9.090909090909092,8.513708513708513,9.956709956709958,0.0074889977,DEFENSIVE_IMPECT_SCORE_PACKING (47%) | RATIO_PASSING_ACCURACY (47%) | GK_PREVENTED_GOALS_POST_SHOT_XG_BY_ACTION_LONG_RANGE_SHOT_RATIO (83%)
115941,Frenks Orols,25.0,STAYED,BFC Daugavpils,virsliga,0.17575453,50,8.398268398268398,10.245310245310245,5.627705627705628,0.008558533,GK_PREVENTED_GOALS_POST_SHOT_XG_BY_ACTION_LONG_RANGE_SHOT_RATIO (81%) | GK_PREVENTED_GOALS_POST_SHOT_XG_BY_ACTION1V1_AGAINST_GK_SHOT_RATIO (54%) | GOAL_KICK_SCORE (68%)
139974,Barnabás Simon,22.0,STAYED,Paksi FC,nemzeti_bajnoksag,0.53889144,17,7.6479076479076475,3.318903318903319,14.14141414141414,0.004376644,FOOT_USAGE_RATIO_LEFT (91%) | FOOT_USAGE_RATIO_RIGHT (91%) | DEFENSIVE_IMPECT_SCORE_PACKING (35%)
78949,Gino Santilli,24.0,STAYED,Cerro Largo FC,primera_division_paraguay,0.4,44,7.474747474747474,6.493506493506493,8.946608946608947,0.006606443,DEFENSIVE_IMPECT_SCORE_PACKING (76%) | GK_PREVENTED_GOALS_POST_SHOT_XG_BY_ACTION1V1_AGAINST_GK_SHOT_RATIO (39%) | GK_PREVENTED_GOALS_POST_SHOT_XG_BY_ACTION_LONG_RANGE_SHOT_RATIO (46%)
187227,Julian Renner,22.0,STAYED,KAS Eupen,challenger_pro_league,0.34851325,15,5.743145743145743,9.090909090909092,0.7215007215007215,0.007884692,GK_PREVENTED_GOALS_POST_SHOT_XG_BY_ACTION_CLOSE_RANGE_SHOT_RATIO (77%) | RATIO_PASSING_ACCURACY (28%) | GOAL_KICK_SCORE (53%)
