playerId,name,age,status,origin_team,origin_comp,origin_median,predicted_proba,predicted_plays,actual_plays
1353,Nils Körber,29.0,BENCH,SpVgg Greuther Fürth II,regionalliga_bayern,0.28719256,0.91551685,1,0
126501,Paul Argney,19.0,BENCH,Royal Francs Borains,challenger_pro_league,0.34851325,0.071701124,0,0
178234,Pape Sy,28.0,BENCH,RFC Seraing,challenger_pro_league,0.34851325,0.9195726,1,0
34932,Benjamin Siegrist,34.0,BENCH,FC Rapid Bukarest,superliga_romania,0.456571,0.2758278,0,0
115577,Simon Simoni,21.0,BENCH,Eintracht Frankfurt II,regionalliga_suedwest,0.405667995,0.56295943,1,0
45009,Norman Quindt,29.0,BENCH,Kickers Emden,regionalliga_nord,0.26403716,0.31007135,0,0
53549,Ennio van der Gouw,26.0,BENCH,SV Zulte Waregem,challenger_pro_league,0.34851325,0.18760018,0,0
166234,Marko Gudžulić,23.0,BENCH,FK Vozdovac,super_liga_srbije,0.34917809,0.39721385,0,0
21255,Rody de Boer,28.0,BENCH,Roda JC Kerkrade,keuken_kampioen_divisie,0.433012,0.398376,0,0
34475,Matus Macik,32.0,BENCH,SK Sigma Olmütz,chance_liga,0.345279435,0.2155135,0,0
116674,Otto Hindrich,23.0,BENCH,CFR Cluj,superliga_romania,0.456571,0.041652653,0,0
23385,Alexander Brunst,30.0,BENCH,Vejle Boldklub,superligaen,0.6607162449999999,0.11618501,0,0
3813,Arnaud Bodart,28.0,BENCH,FC Metz,ligue2,0.61397649,0.21976276,0,0
51418,Lionel Mpasi-Nzau,31.0,BENCH,Rodez AF,ligue2,0.61397649,0.0525663,0,0
760,Karl-Johan Johnsson,36.0,BENCH,FC Girondins Bordeaux,ligue2,0.61397649,0.020476932,0,0
29423,Bingourou Kamara,29.0,BENCH,Pau FC,ligue2,0.61397649,0.009931508,0,0
31219,Marcel Lotka,24.0,BENCH,Borussia Dortmund II,bundesliga_3,0.557671055,0.070225894,0,0
145173,Luis Idjakovic,24.0,BENCH,FC-Astoria Walldorf,regionalliga_suedwest,0.405667995,0.14149989,0,0
46563,Franz Stolz,25.0,BENCH,FC Rapid Bukarest,superliga_romania,0.456571,0.0073927194,0,0
66027,Klemen Mihelak,24.0,BENCH,NS Mura,prva_liga,0.383098135,0.18099032,0,0
104150,Malte Brüning,21.0,BENCH,Hamburger SV II,regionalliga_nord,0.26403716,0.23387998,0,0
16387,Andreas Linde,32.0,BENCH,Molde FK,eliteserien,0.5777367099999999,0.46759868,0,0
116815,Denis Pintol,26.0,BENCH,ND Primorje,prva_liga,0.383098135,0.011449308,0,0
135796,Armin Olayo,23.0,BENCH,1. FC Nürnberg II,regionalliga_bayern,0.28719256,0.578915,1,0
1208,Andreas Luthe,39.0,BENCH,1. FC Kaiserslautern,bundesliga_2,0.710514535,0.18208322,0,0
51472,Guillaume Dietsch,24.0,BENCH,RFC Seraing,belgian_pro_league,0.67107149,0.0055752518,0,0
49045,Valdemar Birksø,24.0,BENCH,Fredrikstad FK,eliteserien,0.5777367099999999,0.41346592,0,0
32331,Leopold Wahlstedt,26.0,BENCH,Odds BK,eliteserien,0.5777367099999999,0.5972074,1,0
7498,Jeffrey de Lange,27.0,BENCH,Go Ahead Eagles Deventer,eredivisie,0.6917069149999999,0.2538338,0,0
74044,Etienne Green,25.0,BENCH,AS Saint-Étienne,ligue2,0.61397649,0.19771458,0,0
9620,Robin Himmelmann,37.0,BENCH,KAS Eupen,belgian_pro_league,0.67107149,0.03786241,0,0
107184,Mike Penders,20.0,PLAYS,Jong Genk,challenger_pro_league,0.34851325,0.831567,1,1
49611,Diant Ramaj,24.0,PLAYS,Ajax Amsterdam II,keuken_kampioen_divisie,0.433012,0.46370322,0,1
1185,Moritz Nicolas,28.0,PLAYS,Roda JC Kerkrade,keuken_kampioen_divisie,0.433012,0.7783741,1,1
66170,Răzvan Sava,23.0,PLAYS,CFR Cluj,superliga_romania,0.456571,0.011005181,0,1
106083,Timo Schlieck,20.0,PLAYS,RSCA Futures,challenger_pro_league,0.34851325,0.03357502,0,1
126428,Justin Heekeren,25.0,PLAYS,Patro Eisden Maasmechelen,challenger_pro_league,0.34851325,0.9436826,1,1
4611,Rihards Matrevics,26.0,PLAYS,FK Auda,virsliga,0.17575453,0.20029417,0,1
43239,Jari De Busser,26.0,PLAYS,Lommel SK,challenger_pro_league,0.34851325,0.9537065,1,1
103903,Marcel Łubik,21.0,PLAYS,FC Augsburg II,regionalliga_bayern,0.28719256,0.84985185,1,1
7160,Gerónimo Rulli,33.0,PLAYS,Ajax Amsterdam II,keuken_kampioen_divisie,0.433012,0.816719,1,1
39895,Ortwin De Wolf,28.0,PLAYS,SV Zulte Waregem,challenger_pro_league,0.34851325,0.35540366,0,1
102767,Nacho Miras,28.0,PLAYS,KMSK Deinze,challenger_pro_league,0.34851325,0.11119329,0,1
53675,Vic Chambaere,23.0,PLAYS,Jong Genk,challenger_pro_league,0.34851325,0.6685372,1,1
5937,Brent Gabriël,27.0,PLAYS,KSC Lokeren-Temse,challenger_pro_league,0.34851325,0.23551036,0,1
57792,Nediljko Labrovic,26.0,PLAYS,HNK Rijeka,hnl_1,0.507882825,0.276127,0,1
104207,Tom Ritzy Hülsmann,21.0,PLAYS,FC Bayern München II,regionalliga_bayern,0.28719256,0.9724258,1,1
104004,Dennis Seimen,20.0,PLAYS,VfB Stuttgart II,regionalliga_suedwest,0.405667995,0.8120886,1,1
81122,Nahuel Noll,22.0,PLAYS,TSG 1899 Hoffenheim II,regionalliga_suedwest,0.405667995,0.9163334,1,1
5878,Anthony Racioppi,27.0,PLAYS,1. FC Köln II,regionalliga_west,0.37057419,0.2699362,0,1
137872,Veljko Ilic,22.0,PLAYS,FK TSC Backa Topola,super_liga_srbije,0.34917809,0.49824208,0,1
29405,Lazar Carević,26.0,PLAYS,FK Vojvodina Novi Sad,super_liga_srbije,0.34917809,0.101907216,0,1
114308,Markus Ponath,25.0,PLAYS,FV Illertissen,regionalliga_bayern,0.28719256,0.6785342,1,1
117339,Maximilian Weisbäcker,24.0,PLAYS,TSV Aubstadt,regionalliga_bayern,0.28719256,0.64337295,1,1
106681,Max Schmitt,20.0,PLAYS,FC Bayern München II,regionalliga_bayern,0.28719256,0.93783313,1,1
27748,Kosei Tani,25.0,PLAYS,FCV Dender EH,challenger_pro_league,0.34851325,0.37793666,0,1
31713,Fabian de Keijzer,25.0,PLAYS,FC Utrecht II,keuken_kampioen_divisie,0.433012,0.23847651,0,1
2281,Hidde Jurjus,32.0,PLAYS,De Graafschap Doetinchem,keuken_kampioen_divisie,0.433012,0.081019394,0,1
3863,Luca Plogmann,26.0,PLAYS,FC Dordrecht,keuken_kampioen_divisie,0.433012,0.768805,1,1
105636,Tom de Graaff,21.0,PLAYS,FC Utrecht II,keuken_kampioen_divisie,0.433012,0.052348096,0,1
119075,Viktor Baier,21.0,PLAYS,FC Viktoria Pilsen,chance_liga,0.345279435,0.5463499,1,1
133147,Gasper Tratnik,26.0,PLAYS,ND Primorje,prva_liga,0.383098135,0.04983713,0,1
21338,Michael Verrips,29.0,PLAYS,FC Groningen,keuken_kampioen_divisie,0.433012,0.31331268,0,1
20496,Filip Manojlovic,29.0,PLAYS,FK Spartak Subotica,super_liga_srbije,0.34917809,0.16564003,0,1
1255,Timo Horn,32.0,PLAYS,Red Bull Salzburg,bundesliga_austria,0.6016963049999999,0.010038138,0,1
27683,Zion Suzuki,23.0,PLAYS,Urawa Red Diamonds,j1_league,0.614975735,0.8442205,1,1
50129,Franco Israel,25.0,PLAYS,Sporting Lissabon,primeira_liga,0.622191505,0.0098249605,0,1
3249,Kjetil Haug,27.0,PLAYS,Vålerenga Fotball,eliteserien,0.5777367099999999,0.61479294,1,1
180229,Jonathan Fischer,24.0,PLAYS,Fredrikstad FK,eliteserien,0.5777367099999999,0.033705372,0,1
28572,Miso Dubljanic,26.0,PLAYS,FK Jedinstvo Ub,super_liga_srbije,0.34917809,0.049233764,0,1
83010,Jan Olschowsky,24.0,PLAYS,Borussia Mönchengladbach II,regionalliga_west,0.37057419,0.80669874,1,1
83018,Arne Schulz,22.0,PLAYS,SC Paderborn 07 II,regionalliga_west,0.37057419,0.5514243,1,1
21589,Pelle Boevink,28.0,PLAYS,SC Paderborn 07 II,regionalliga_west,0.37057419,0.91645944,1,1
53929,Matous Trmal,27.0,PLAYS,FK Mlada Boleslav,chance_liga,0.345279435,0.02035415,0,1
53906,Vilem Fendrich,35.0,PLAYS,FK Jablonec,chance_liga,0.345279435,0.57115024,1,1
54674,Dominik Holec,31.0,PLAYS,MFK Karvina,chance_liga,0.345279435,0.33033672,0,1
53859,Ales Mandous,33.0,PLAYS,SK Slavia Prag,chance_liga,0.345279435,0.39576116,0,1
29587,Vojtech Vorel,29.0,PLAYS,AC Sparta Prag,chance_liga,0.345279435,0.9916509,1,1
106592,Antonín Kinský,22.0,PLAYS,FK Pardubice,chance_liga,0.345279435,0.63052166,1,1
29308,Jindrich Stanek,29.0,PLAYS,FC Viktoria Pilsen,chance_liga,0.345279435,0.16831318,0,1
52669,Andrija Katic,24.0,PLAYS,FK Vozdovac,super_liga_srbije,0.34917809,0.42003188,0,1
43562,Romain Matthys,27.0,PLAYS,MVV Maastricht,keuken_kampioen_divisie,0.433012,0.12640622,0,1
10617,Marvin Schwäbe,30.0,PLAYS,Bröndby IF,superligaen,0.6607162449999999,0.50027215,1,1
3360,Kamil Grabara,27.0,PLAYS,FC Kopenhagen,superligaen,0.6607162449999999,0.10085285,0,1
50813,Ouparine Djoco,27.0,PLAYS,Royal Francs Borains,challenger_pro_league,0.34851325,0.078589946,0,1
117414,Robin Risser,21.0,PLAYS,Red Star FC,ligue2,0.61397649,0.01641202,0,1
30228,Maarten Vandevoordt,24.0,PLAYS,KRC Genk,belgian_pro_league,0.67107149,0.10415749,0,1
169620,Louis Lord,22.0,PLAYS,Stuttgarter Kickers,regionalliga_suedwest,0.405667995,0.04089471,0,1
1668,Jean Butez,30.0,PLAYS,Royal Antwerpen FC,belgian_pro_league,0.67107149,0.51976985,1,1
60809,Andrea Hoxha,26.0,PLAYS,Bremer SV,regionalliga_nord,0.26403716,0.63736933,1,1
171996,Jesper Heim,26.0,PLAYS,SC Weiche Flensburg 08,regionalliga_nord,0.26403716,0.79156095,1,1
1159,Michael Zetterer,30.0,PLAYS,PEC Zwolle,eredivisie,0.6917069149999999,0.4191298,0,1
106574,Mio Backhaus,21.0,PLAYS,FC Volendam,eredivisie,0.6917069149999999,0.22961569,0,1
10106,Lennart Grill,27.0,PLAYS,SK Brann,eliteserien,0.5777367099999999,0.63819253,1,1
2227,Marko Johansson,27.0,PLAYS,Halmstads BK,allsvenskan,0.579539565,0.053953305,0,1
47231,Filip Stanković,24.0,PLAYS,FC Volendam,eredivisie,0.6917069149999999,0.34669462,0,1
6446,Arijanet Murić,27.0,PLAYS,Willem II Tilburg,eredivisie,0.6917069149999999,0.89710075,1,1
5911,Maduka Okoye,26.0,PLAYS,Sparta Rotterdam,eredivisie,0.6917069149999999,0.040515576,0,1
3929,Justin Bijlow,28.0,PLAYS,Feyenoord Rotterdam,eredivisie,0.6917069149999999,0.2213063,0,1
63983,Luca Petzold,24.0,PLAYS,SpVgg Bayreuth,regionalliga_bayern,0.28719256,0.9545414,1,1
103305,Jonas Urbig,22.0,PLAYS,SpVgg Greuther Fürth,bundesliga_2,0.710514535,0.057682544,0,1
23064,Patrick Drewes,33.0,PLAYS,Karlsruher SC,bundesliga_2,0.710514535,0.17494944,0,1
1343,Marius Müller,32.0,PLAYS,FC Schalke 04,bundesliga_2,0.710514535,0.16660076,0,1
507,Patrik Carlgren,34.0,PLAYS,Randers FC,superligaen,0.6607162449999999,0.019816844,0,1
7259,Mathew Ryan,33.0,PLAYS,FC Kopenhagen,superligaen,0.6607162449999999,0.04194811,0,1
30344,Krisztián Hegyi,23.0,PLAYS,FC Den Bosch,keuken_kampioen_divisie,0.433012,0.26014414,0,1
51533,Vincent Müller,25.0,PLAYS,MSV Duisburg,bundesliga_3,0.557671055,0.11923411,0,1
44570,Hillel Konaté,31.0,PLAYS,LB Châteauroux,france_3,0.513178375,0.012010581,0,1
53183,Simon Ngapandouetnbu,22.0,PLAYS,Nîmes Olympique,france_3,0.513178375,0.2938492,0,1
1784,Maxime Dupé,33.0,PLAYS,RSC Anderlecht,belgian_pro_league,0.67107149,0.14581743,0,1
2463,Radoslaw Majecki,26.0,PLAYS,Cercle Brügge,belgian_pro_league,0.67107149,0.49271658,0,1
17234,Hervé Koffi,29.0,PLAYS,RSC Charleroi,belgian_pro_league,0.67107149,0.47576806,0,1
146112,Georgiy Yermakov,23.0,PLAYS,FK Oleksandriya,premier_liga_ukraine,0.401354885,0.034576647,0,1
13289,Patrik Gunnarsson,25.0,PLAYS,Viking FK,eliteserien,0.5777367099999999,0.56387943,1,1
62320,Gonzalo Crettaz,26.0,PLAYS,CD Castellón,laliga2,0.6,0.07083939,0,1
26593,Vitezslav Jaros,24.0,PLAYS,SK Sturm Graz,bundesliga_austria,0.6016963049999999,0.6042055,1,1
33414,Viljar Myhra,29.0,PLAYS,Strømsgodset IF,eliteserien,0.5777367099999999,0.6026611,1,1
65869,Marcus Bundgaard,24.0,PLAYS,IF Elfsborg,allsvenskan,0.579539565,0.73592466,1,1
8579,Marco Bizot,35.0,PLAYS,AZ Alkmaar,eredivisie,0.6917069149999999,0.08862874,0,1
8997,Yvon Mvogo,31.0,PLAYS,PSV Eindhoven,eredivisie,0.6917069149999999,0.4291748,0,1
44820,Tobias Lawal,25.0,PLAYS,LASK,bundesliga_austria,0.6016963049999999,0.1585923,0,1
47972,Daniel Bielica,26.0,PLAYS,Górnik Zabrze,ekstraklasa,0.6288633,0.054454654,0,1
126944,Maximilian Brüll,23.0,PLAYS,Borussia Mönchengladbach II,regionalliga_west,0.37057419,0.022765169,0,1
107868,Justin Treichel,23.0,PLAYS,FC Schalke 04 II,regionalliga_west,0.37057419,0.9893142,1,1
103168,Mohamed Koné,24.0,PLAYS,USL Dunkerque,ligue2,0.61397649,0.36665365,0,1
53364,Taishi Brandon Nozawa,23.0,PLAYS,FC Tokyo,j1_league,0.614975735,0.08024946,0,1
116723,Pavlo Isenko,22.0,PLAYS,Vorskla Poltava,premier_liga_ukraine,0.401354885,0.0024329962,0,1
97058,Menno Bergsen,26.0,PLAYS,NK Maribor,prva_liga,0.383098135,0.5484917,1,1
4579,Hans Christian Bernat,25.0,PLAYS,Odense Boldklub,superligaen,0.6607162449999999,0.17116435,0,1
78816,Jonas Krumrey,22.0,PLAYS,Lyngby BK,superligaen,0.6607162449999999,0.011477796,0,1
226,Tomas Koubek,33.0,DROPPED,FC Augsburg,bundesliga_1,0.82647051,0.11793374,0,0
107851,Robert Kwasigroch,21.0,DROPPED,Hertha BSC,bundesliga_2,0.710514535,0.04059016,0,0
66533,Antoine Lejoly,27.0,DROPPED,Beerschot V.A.,belgian_pro_league,0.67107149,0.03035622,0,0
98180,Julien Devriendt,27.0,DROPPED,FCV Dender EH,belgian_pro_league,0.67107149,0.057088245,0,0
184398,Emile Doucouré,18.0,DROPPED,Beerschot V.A.,belgian_pro_league,0.67107149,0.18772766,0,0
51611,Maxim Deman,24.0,DROPPED,KV Kortrijk,belgian_pro_league,0.67107149,0.033687223,0,0
30166,Martin Vantruba,28.0,DROPPED,FC Nordsjaelland,superligaen,0.6607162449999999,0.77444905,1,0
29378,Tim Kips,25.0,DROPPED,FC Erzgebirge Aue,bundesliga_3,0.557671055,0.025159923,0,0
106537,Muhamed Sahinovic,22.0,DROPPED,Rakow Czestochowa,ekstraklasa,0.6288633,0.005938544,0,0
28189,Daniel Klein,24.0,DROPPED,SV Sandhausen,bundesliga_3,0.557671055,0.020363808,0,0
146483,Malwin Zok,22.0,DROPPED,SV Waldhof Mannheim,bundesliga_3,0.557671055,0.023070531,0,0
47278,Lukas Schneller,24.0,DROPPED,SC Freiburg II,bundesliga_3,0.557671055,0.52026635,1,0
81397,Nedeljko Stojisic,28.0,DROPPED,Vegalta Sendai,j1_league,0.614975735,0.0325258,0,0
49401,Jan de Boer,25.0,DROPPED,FC Groningen,eredivisie,0.6917069149999999,0.0683952,0,0
21354,Mike Havekotte,30.0,DROPPED,ADO Den Haag,eredivisie,0.6917069149999999,0.40909782,0,0
51814,Connor van den Berg,24.0,DROPPED,Willem II Tilburg,eredivisie,0.6917069149999999,0.01775925,0,0
56408,Tom Hendriks,23.0,DROPPED,Fortuna Sittard,eredivisie,0.6917069149999999,0.03075845,0,0
51830,Youri Schoonderwaldt,25.0,DROPPED,Sparta Rotterdam,eredivisie,0.6917069149999999,0.09316761,0,0
28779,Issam El Maach,26.0,DROPPED,RKC Waalwijk,eredivisie,0.6917069149999999,0.021815153,0,0
13811,Oliver Christensen,26.0,DROPPED,AC Florenz,serie_a,0.82,0.005151078,0,0
38429,Karol Niemczycki,26.0,DROPPED,Fortuna Düsseldorf,bundesliga_2,0.710514535,0.27268293,0,0
117221,Marko Milosevic,35.0,DROPPED,Debreceni VSC,nemzeti_bajnoksag,0.53889144,0.021367038,0,0
83015,Dennis Gorka,23.0,DROPPED,SV Sandhausen,bundesliga_3,0.557671055,0.13054575,0,0
109284,Luca Böggemann,22.0,DROPPED,VfL Osnabrück,bundesliga_3,0.557671055,0.049221992,0,0
97021,Matus Chropovsky,23.0,DROPPED,ViOn Zlate Moravce-Vrable,fortuna_liga_slovakia,0.528078685,0.018152125,0,0
2003,Rémy Riou,38.0,DROPPED,Olympique Lyon,ligue1,0.7712210150000001,0.0070352843,0,0
9227,Tino Casali,30.0,DROPPED,Eintracht Braunschweig,bundesliga_2,0.710514535,0.0071484894,0,0
68191,Arthur Lyska,25.0,DROPPED,SV Wehen Wiesbaden,bundesliga_3,0.557671055,0.053779125,0,0
115558,Marko Alcevski,23.0,DROPPED,Hapoel Jerusalem,ligat_haal,0.5,0.014411484,0,0
21340,Thijmen Nijhuis,27.0,DROPPED,FC Utrecht,eredivisie,0.6917069149999999,0.100956626,0,0
29528,Oscar Linnér,29.0,DROPPED,IF Brommapojkarna,allsvenskan,0.579539565,0.21352065,0,0
23143,Eric Verstappen,31.0,DROPPED,TSG 1899 Hoffenheim II,regionalliga_suedwest,0.405667995,0.09074326,0,0
168476,Jovan Jovic,23.0,DROPPED,SSVg Velbert 02,regionalliga_west,0.37057419,0.11666724,0,0
44364,Gauthier Gallon,32.0,DROPPED,FC Stade Rennes,ligue1,0.7712210150000001,0.20293474,0,0
116720,Plamen Andreev,21.0,DROPPED,Feyenoord Rotterdam,eredivisie,0.6917069149999999,0.033263136,0,0
53680,Fabian Eutinger,22.0,DROPPED,Fortuna Düsseldorf II,regionalliga_west,0.37057419,0.7202767,1,0
65808,Carljohan Eriksson,30.0,DROPPED,FC Nordsjaelland,superligaen,0.6607162449999999,0.20860206,0,0
32972,Lucas Hägg Johansson,31.0,DROPPED,Vejle Boldklub,superligaen,0.6607162449999999,0.025822926,0,0
12926,Samuel Brolin,25.0,DROPPED,AC Horsens,superligaen,0.6607162449999999,0.006148623,0,0
105487,Florian Schock,24.0,DROPPED,VfB Stuttgart II,regionalliga_suedwest,0.405667995,0.07651707,0,0
117996,Finn Kotyrba,22.0,DROPPED,TSV Steinbach Haiger,regionalliga_suedwest,0.405667995,0.4371797,0,0
1389,Eric Oelschlägel,30.0,DROPPED,FC Utrecht,eredivisie,0.6917069149999999,0.17825066,0,0
33238,Alexandre Oukidja,37.0,DROPPED,FC Metz,ligue1,0.7712210150000001,0.3107601,0,0
37105,Danijel Petkovic,32.0,DROPPED,Kisvárda FC,nemzeti_bajnoksag,0.53889144,0.14483888,0,0
13756,Peter Vindahl,28.0,DROPPED,AZ Alkmaar,eredivisie,0.6917069149999999,0.5937934,1,0
8981,Matheus,33.0,DROPPED,Ajax Amsterdam,eredivisie,0.6917069149999999,0.022336576,0,0
30623,Niclas Thiede,26.0,DROPPED,SSV Ulm 1846,bundesliga_2,0.710514535,0.029307514,0,0
116134,Simon Spari,23.0,DROPPED,SK Austria Klagenfurt,bundesliga_austria,0.6016963049999999,0.012560417,0,0
8454,Guillaume Hubert,32.0,DROPPED,KV Oostende,belgian_pro_league,0.67107149,0.4046158,0,0
43097,Nick Gillekens,30.0,DROPPED,KVC Westerlo,belgian_pro_league,0.67107149,0.008390786,0,0
36195,Marko Ilic,28.0,DROPPED,KV Kortrijk,belgian_pro_league,0.67107149,0.0048182188,0,0
65783,Ben Voll,25.0,DROPPED,FC Viktoria Köln,bundesliga_3,0.557671055,0.512933,1,0
14864,Josip Posavec,30.0,DROPPED,Aalborg BK,superligaen,0.6607162449999999,0.15461451,0,0
43417,Rafael Romo,36.0,DROPPED,Oud-Heverlee Leuven,belgian_pro_league,0.67107149,0.006742217,0,0
52559,Moritz Schulze,24.0,DROPPED,Hallescher FC,bundesliga_3,0.557671055,0.06280554,0,0
33844,Thomas Dähne,32.0,DROPPED,Holstein Kiel,bundesliga_1,0.82647051,0.4660348,0,0
9586,Manuel Riemann,37.0,DROPPED,VfL Bochum,bundesliga_1,0.82647051,0.16563164,0,0
21371,Nick Marsman,35.0,DROPPED,Feyenoord Rotterdam,eredivisie,0.6917069149999999,0.6150412,1,0
38472,Jorn Brondeel,32.0,DROPPED,Willem II Tilburg,eredivisie,0.6917069149999999,0.32256854,0,0
7758,Yanick van Osch,28.0,DROPPED,Fortuna Sittard,eredivisie,0.6917069149999999,0.04097546,0,0
21494,Kostas Lamprou,34.0,DROPPED,RKC Waalwijk,eredivisie,0.6917069149999999,0.00968074,0,0
19571,Joël Drommel,29.0,DROPPED,FC Twente Enschede,eredivisie,0.6917069149999999,0.08388245,0,0
21322,Mattijs Branderhorst,32.0,DROPPED,NEC Nijmegen,eredivisie,0.6917069149999999,0.0031026646,0,0
9149,Nick Olij,30.0,DROPPED,Sparta Rotterdam,eredivisie,0.6917069149999999,0.021743737,0,0
21287,Tim Coremans,34.0,DROPPED,Sparta Rotterdam,eredivisie,0.6917069149999999,0.06336975,0,0
28737,Daan Reiziger,24.0,DROPPED,Vitesse Arnheim,eredivisie,0.6917069149999999,0.01312153,0,0
48277,Koen Bucker,29.0,DROPPED,Heracles Almelo,eredivisie,0.6917069149999999,0.8587671,1,0
21350,Sonny Stevens,33.0,DROPPED,SC Cambuur Leeuwarden,eredivisie,0.6917069149999999,0.066506684,0,0
32389,Florian Wiegele,24.0,DROPPED,Grazer AK 1902,bundesliga_austria,0.6016963049999999,0.025928741,0,0
54806,Michal Kukucka,23.0,DROPPED,AS Trencin,fortuna_liga_slovakia,0.528078685,0.051588558,0,0
536,Etrit Berisha,37.0,DROPPED,FC Empoli,serie_a,0.82,0.0062065255,0,0
1574,Thomas Didillon-Hödl,30.0,DROPPED,Cercle Brügge,belgian_pro_league,0.67107149,0.5282699,1,0
23016,Janis Blaswich,34.0,DROPPED,RasenBallsport Leipzig,bundesliga_1,0.82647051,0.012659132,0,0
14232,Ignacio de Arruabarrena,29.0,DROPPED,FC Arouca,primeira_liga,0.622191505,0.7185346,1,0
32379,Jan-Christoph Bartels,27.0,DROPPED,SV Waldhof Mannheim,bundesliga_3,0.557671055,0.047374286,0,0
23357,Marco Hiller,29.0,DROPPED,TSV 1860 München,bundesliga_3,0.557671055,0.083238706,0,0
3374,Guillermo Ochoa,40.0,DROPPED,US Salernitana 1919,serie_a,0.82,0.015601374,0,0
37389,Ofir Marciano,36.0,DROPPED,Feyenoord Rotterdam,eredivisie,0.6917069149999999,0.07344094,0,0
5309,Djordje Nikolic,28.0,DROPPED,Újpest FC,nemzeti_bajnoksag,0.53889144,0.5325329,1,0
66515,Elias Bördner,24.0,DROPPED,Alemannia Aachen,bundesliga_3,0.557671055,0.004043927,0,0
83562,Ivan Rehak,24.0,DROPPED,FK Zeleziarne Podbrezova,fortuna_liga_slovakia,0.528078685,0.05805711,0,0
12929,Ziga Frelih,28.0,DROPPED,Zemplin Michalovce,fortuna_liga_slovakia,0.528078685,0.0039014977,0,0
19595,Matus Hruska,31.0,DROPPED,FK Dukla Prag,fortuna_liga_slovakia,0.528078685,0.03395407,0,0
95980,Matej Luksch,27.0,DROPPED,MFK Skalica,fortuna_liga_slovakia,0.528078685,0.28977352,0,0
30320,Jakub Markovic,24.0,DROPPED,FC Banik Ostrau,fortuna_liga_slovakia,0.528078685,0.09994124,0,0
83563,Dominik Takac,27.0,DROPPED,Spartak Trnava,fortuna_liga_slovakia,0.528078685,0.01027313,0,0
79697,Yannick Pandor,24.0,DROPPED,US Boulogne,france_3,0.513178375,0.01999363,0,0
31719,Davor Matijas,26.0,DROPPED,Beerschot V.A.,belgian_pro_league,0.67107149,0.19165957,0,0
44468,Pierre Patron,28.0,DROPPED,RSC Charleroi,belgian_pro_league,0.67107149,0.056738134,0,0
54921,Mory Diaw,32.0,DROPPED,Clermont Foot 63,ligue1,0.7712210150000001,0.0022470024,0,0
106332,Zsombor Senkó,23.0,DROPPED,Zalaegerszegi TE FC,nemzeti_bajnoksag,0.53889144,0.39835757,0,0
21596,Joshua Smits,33.0,DROPPED,FK Bodø/Glimt,eliteserien,0.5777367099999999,0.576429,1,0
106974,Finn Böhmker,21.0,DROPPED,VfB Stuttgart II,regionalliga_suedwest,0.405667995,0.03028547,0,0
31667,Matej Kovar,25.0,DROPPED,Bayer 04 Leverkusen,bundesliga_1,0.82647051,0.020281147,0,0
5674,Luca Unbehaun,25.0,DROPPED,SC Verl,bundesliga_3,0.557671055,0.7337546,1,0
63980,Michel Witte,26.0,DROPPED,VfR Aalen,regionalliga_suedwest,0.405667995,0.54999715,1,0
28058,Simon Sluga,32.0,DROPPED,Maccabi Tel Aviv,ligat_haal,0.5,0.014438085,0,0
10254,Kevin Müller,34.0,DROPPED,1. FC Heidenheim 1846,bundesliga_1,0.82647051,0.0059625977,0,0
9448,Warner Hahn,33.0,DROPPED,Go Ahead Eagles Deventer,eredivisie,0.6917069149999999,0.035639953,0,0
29069,Ivan Filipovic,31.0,DROPPED,Paris FC,ligue2,0.61397649,0.8688176,1,0
73949,Dudu,27.0,DROPPED,FC Nordsjaelland,superligaen,0.6607162449999999,0.6926475,1,0
1768,Mathieu Michel,34.0,DROPPED,AC Ajaccio,ligue2,0.61397649,0.000894825,0,0
130814,Yannick Etile,25.0,DROPPED,FC Martigues,ligue2,0.61397649,0.045639977,0,0
19348,Mehdi Jeannin,34.0,DROPPED,Pau FC,ligue2,0.61397649,0.006031847,0,0
1382,Samuel Sahin-Radlinger,33.0,DROPPED,Almere City FC,eredivisie,0.6917069149999999,0.5188099,1,0
44642,Kjell Scherpen,26.0,DROPPED,Vitesse Arnheim,eredivisie,0.6917069149999999,0.85223204,1,0
49692,Tein Troost,24.0,DROPPED,NAC Breda,keuken_kampioen_divisie,0.433012,0.5999472,1,0
3460,Liam Bossin,29.0,DROPPED,FC Dordrecht,keuken_kampioen_divisie,0.433012,0.013379361,0,0
96075,Kjell Peersman,21.0,DROPPED,PSV Eindhoven II,keuken_kampioen_divisie,0.433012,0.6015914,1,0
2973,Sten Grytebust,36.0,DROPPED,Vejle Boldklub,superligaen,0.6607162449999999,0.06847458,0,0
13522,Oscar Hedvall,27.0,DROPPED,Viborg FF,superligaen,0.6607162449999999,0.024515629,0,0
607,Jacob Rinne,32.0,DROPPED,Aalborg BK,superligaen,0.6607162449999999,0.61152905,1,0
5059,Alexei Koselev,32.0,DROPPED,Fortuna Sittard,eredivisie,0.6917069149999999,0.25677392,0,0
42428,Shuichi Gonda,37.0,DROPPED,Shimizu S-Pulse,j1_league,0.614975735,0.08634569,0,0
5760,João Virgínia,26.0,DROPPED,SC Cambuur Leeuwarden,eredivisie,0.6917069149999999,0.23274101,0,0
15979,Bum-keun Song,28.0,DROPPED,Shonan Bellmare,j1_league,0.614975735,0.53806657,1,0
23159,Nico Mantl,26.0,DROPPED,Viborg FF,superligaen,0.6607162449999999,0.125663,0,0
22957,Lennart Moser,26.0,DROPPED,KAS Eupen,belgian_pro_league,0.67107149,0.44954377,0,0
51833,Daniel Schmidt,34.0,DROPPED,VV St. Truiden,belgian_pro_league,0.67107149,0.024238983,0,0
1030,Lukas Hradecky,36.0,DROPPED,Bayer 04 Leverkusen,bundesliga_1,0.82647051,0.0054065846,0,0
754,Kevin Trapp,35.0,DROPPED,Eintracht Frankfurt,bundesliga_1,0.82647051,0.017003026,0,0
115810,Albert Posiadala,23.0,DROPPED,Radomiak Radom,ekstraklasa,0.6288633,0.2964863,0,0
1671,Paul Bernardoni,28.0,DROPPED,Yverdon Sport FC,super_league_switzerland,0.6643794000000001,0.0009871799,0,0
1024,Phillip Menzel,27.0,DROPPED,SK Austria Klagenfurt,bundesliga_austria,0.6016963049999999,0.40928042,0,0
14982,Valentin Cojocaru,30.0,DROPPED,Oud-Heverlee Leuven,belgian_pro_league,0.67107149,0.5798549,1,0
6196,Franz Langhoff,26.0,DROPPED,KSV Hessen Kassel,regionalliga_suedwest,0.405667995,0.011284674,0,0
29103,Justin Ospelt,26.0,DROPPED,FSV Frankfurt,regionalliga_suedwest,0.405667995,0.0022228188,0,0
51597,Martin Fraisl,32.0,DROPPED,ADO Den Haag,eredivisie,0.6917069149999999,0.7090151,1,0
15931,Keisuke Osako,26.0,STAYED,Sanfrecce Hiroshima,j1_league,0.614975735,0.018642815,0,0
68272,Thijs Jansen,24.0,STAYED,SC Cambuur Leeuwarden,keuken_kampioen_divisie,0.433012,0.006512283,0,0
82844,Lucas Lund,25.0,STAYED,Viborg FF,superligaen,0.6607162449999999,0.019271689,0,0
32298,Mads Hedenstad,25.0,STAYED,Lillestrøm SK,eliteserien,0.5777367099999999,0.59246886,1,0
41425,Justin Hammel,25.0,STAYED,Grasshopper Club Zürich,super_league_switzerland,0.6643794000000001,0.014396889,0,0
94940,Pascal Loretz,22.0,STAYED,FC Luzern,super_league_switzerland,0.6643794000000001,0.16931692,0,0
103658,Nicolas Kristof,26.0,STAYED,SV 07 Elversberg,bundesliga_2,0.710514535,0.0270417,0,0
6322,Diogo Costa,26.0,STAYED,FC Porto,primeira_liga,0.622191505,0.040469427,0,0
52529,Tobe Leysen,24.0,STAYED,Oud-Heverlee Leuven,belgian_pro_league,0.67107149,0.016100623,0,0
30019,Marco Carnesecchi,25.0,STAYED,Atalanta Bergamo,serie_a,0.82,0.009136492,0,0
50035,Amir Saipi,25.0,STAYED,FC Lugano,super_league_switzerland,0.6643794000000001,0.0776855,0,0
55284,Yuya Oki,26.0,STAYED,Kashima Antlers,j1_league,0.614975735,0.00065591163,0,0
95002,Bartosz Mrozek,26.0,STAYED,Lech Posen,ekstraklasa,0.6288633,0.071700744,0,0
130671,Guillaume Restes,21.0,STAYED,FC Toulouse,ligue1,0.7712210150000001,0.004369803,0,0
26934,Julian Krahl,26.0,STAYED,1. FC Kaiserslautern,bundesliga_2,0.710514535,0.010969009,0,0
49785,Noah Atubolu,23.0,STAYED,SC Freiburg,bundesliga_1,0.82647051,0.06565988,0,0
30095,Adam Stejskal,23.0,STAYED,WSG Tirol,bundesliga_austria,0.6016963049999999,0.05303235,0,0
33244,Yehvann Diouf,26.0,STAYED,Stade Reims,ligue1,0.7712210150000001,0.010494344,0,0
52455,Lucas Chevalier,24.0,STAYED,LOSC Lille,ligue1,0.7712210150000001,0.010057965,0,0
67458,Beau Reus,24.0,STAYED,SK Beveren,challenger_pro_league,0.34851325,0.003906122,0,0
26655,Anatoliy Trubin,24.0,STAYED,Benfica Lissabon,primeira_liga,0.622191505,0.02625477,0,0
61633,Andrew,24.0,STAYED,Gil Vicente FC,primeira_liga,0.622191505,0.0077211526,0,0
65809,Noel Törnqvist,24.0,STAYED,Mjällby AIF,allsvenskan,0.579539565,0.019294163,0,0
54883,Marvin Keller,23.0,STAYED,FC Winterthur,super_league_switzerland,0.6643794000000001,0.008363641,0,0
4602,Mile Svilar,26.0,STAYED,AS Rom,serie_a,0.82,0.0056654094,0,0
96962,Philipp Schulze,23.0,STAYED,SC Verl,bundesliga_3,0.557671055,0.0052440055,0,0
112089,Tjark Ernst,22.0,STAYED,Hertha BSC,bundesliga_2,0.710514535,0.0044635865,0,0
31255,Niklas Hedl,24.0,STAYED,SK Rapid Wien,bundesliga_austria,0.6016963049999999,0.081773646,0,0
166253,Strahinja Manojlovic,23.0,STAYED,FK Javor-Matis Ivanjica,super_liga_srbije,0.34917809,0.0032867517,0,0
166143,Aleksandar Vulic,24.0,STAYED,FK Spartak Subotica,super_liga_srbije,0.34917809,0.6313836,1,0
117690,Kilian Nikièma,22.0,STAYED,ADO Den Haag,keuken_kampioen_divisie,0.433012,0.04965279,0,0
6573,Ron-Thorben Hoffmann,26.0,STAYED,Eintracht Braunschweig,bundesliga_2,0.710514535,0.12852243,0,0
49491,Elia Caprile,24.0,STAYED,Cagliari Calcio,serie_a,0.82,0.0035804983,0,0
65894,Xavier Dziekonski,22.0,STAYED,Korona Kielce,ekstraklasa,0.6288633,0.028601274,0,0
26867,Marcin Bulka,26.0,STAYED,OGC Nizza,ligue1,0.7712210150000001,0.052211024,0,0
30947,Sander Tangvik,23.0,STAYED,Rosenborg BK,eliteserien,0.5777367099999999,0.0045860074,0,0
29092,Matija Orbanic,25.0,STAYED,NK Bravo,prva_liga,0.383098135,0.08309155,0,0
68172,Kacper Tobiasz,23.0,STAYED,Legia Warschau,ekstraklasa,0.6288633,0.0062306244,0,0
52335,Lovro Majkic,26.0,STAYED,NK Istra 1961,hnl_1,0.507882825,0.0017265946,0,0
75844,Pepijn van de Merbel,23.0,STAYED,FC Den Bosch,keuken_kampioen_divisie,0.433012,0.030729612,0,0
13272,Elías Ólafsson,26.0,STAYED,FC Midtjylland,superligaen,0.6607162449999999,0.1651744,0,0
53199,Stefano Turati,24.0,STAYED,Frosinone Calcio,serie_a,0.82,0.0037389158,0,0
77555,Jonmi Magunagoitia,25.0,STAYED,SD Eibar,laliga2,0.6,0.028772753,0,0
52553,Leo Kokubo,25.0,STAYED,VV St. Truiden,belgian_pro_league,0.67107149,0.077122994,0,0
116838,Ștefan Târnovanu,25.0,STAYED,FCSB,superliga_romania,0.456571,0.0070395493,0,0
32521,Balsa Popovic,25.0,STAYED,OFK Belgrad,super_liga_srbije,0.34917809,0.22923973,0,0
87731,Matevz Vidovsek,26.0,STAYED,NK Olimpija Ljubljana,prva_liga,0.383098135,0.036952753,0,0
136441,Dmytro Ledviy,22.0,STAYED,Rukh Lviv,premier_liga_ukraine,0.401354885,0.38068277,0,0
31954,Mads Hermansen,25.0,STAYED,Bröndby IF,superligaen,0.6607162449999999,0.5414508,1,0
32300,Kristoffer Klaesson,25.0,STAYED,Vålerenga Fotball,eliteserien,0.5777367099999999,0.03588768,0,0
31848,Senne Lammens,23.0,STAYED,Royal Antwerpen FC,belgian_pro_league,0.67107149,0.026677152,0,0
90013,Max Böhnke,22.0,STAYED,SV Schalding-Heining,regionalliga_bayern,0.28719256,0.012511191,0,0
32227,Emil Ødegaard,26.0,STAYED,KFUM-Kameratene Oslo,eliteserien,0.5777367099999999,0.35485855,0,0
68015,Sullivan Péan,26.0,STAYED,FC Villefranche-Beaujolais,france_3,0.513178375,0.0039762845,0,0
115946,Nadav Zamir,24.0,STAYED,Hapoel Jerusalem,ligat_haal,0.5,0.043081354,0,0
117345,Oleksandr Saputin,22.0,STAYED,Zorya Lugansk,premier_liga_ukraine,0.401354885,0.1503959,0,0
87653,Omer Nir'on,24.0,STAYED,Maccabi Netanya,ligat_haal,0.5,0.0060066185,0,0
131301,Mamadou Diop,26.0,STAYED,Grenoble Foot 38,ligue2,0.61397649,0.006348877,0,0
75802,Bill Lathouwers,26.0,STAYED,RWD Molenbeek,challenger_pro_league,0.34851325,0.0037828116,0,0
31783,Nikolas Polster,23.0,STAYED,Wolfsberger AC,bundesliga_austria,0.6016963049999999,0.07897495,0,0
120170,Niv Eliasi,24.0,STAYED,Hapoel Beer Sheva,ligat_haal,0.5,0.033968177,0,0
105010,Slawomir Abramowicz,21.0,STAYED,Jagiellonia Bialystok,ekstraklasa,0.6288633,0.019533517,0,0
74966,Rodrigo Formento,26.0,STAYED,Mushuc Runa SC,liga_pro_ecuador,0.4,0.0027658918,0,0
26680,Celton Biai,25.0,STAYED,FC Dordrecht,keuken_kampioen_divisie,0.433012,0.007506836,0,0
50137,Kwang-yeon Lee,26.0,STAYED,Gangwon FC,k_league_1,0.55,0.06701384,0,0
56319,Kacper Trelowski,22.0,STAYED,Rakow Czestochowa,ekstraklasa,0.6288633,0.19753984,0,0
221526,Mohammed Abu Nil,24.0,STAYED,Ihud Bnei Sachnin,ligat_haal,0.5,0.007466931,0,0
75651,Sem Westerveld,23.0,STAYED,MVV Maastricht,keuken_kampioen_divisie,0.433012,0.020684531,0,0
115907,Janis Beks,23.0,STAYED,BFC Daugavpils,virsliga,0.17575453,0.4492224,0,0
68207,Andreas Jungdal,24.0,STAYED,KVC Westerlo,belgian_pro_league,0.67107149,0.0008639242,0,0
27170,Mads Kikkenborg,26.0,STAYED,Lyngby BK,superligaen,0.6607162449999999,0.026616681,0,0
141179,Ewen Jaouen,20.0,STAYED,Stade Reims,ligue2,0.61397649,0.040579643,0,0
103873,Magnus Sjøeng,23.0,STAYED,Vålerenga Fotball,eliteserien,0.5777367099999999,0.02124161,0,0
66798,Charly Jan,26.0,STAYED,FC Bourg-Péronnas 01,france_3,0.513178375,0.3117734,0,0
117276,Samo Pridgar,23.0,STAYED,NK Radomlje,prva_liga,0.383098135,0.2443186,0,0
78949,Gino Santilli,24.0,STAYED,Cerro Largo FC,primera_division_paraguay,0.4,0.008478458,0,0
52101,João Gonçalves,25.0,STAYED,Boavista Porto FC,primeira_liga,0.622191505,0.006194493,0,0
165490,Ivan Pakholyuk,21.0,STAYED,Kolos Kovalivka,premier_liga_ukraine,0.401354885,0.0036503808,0,0
28579,Cezary Miszta,24.0,STAYED,Rio Ave FC,primeira_liga,0.622191505,0.016917696,0,0
117717,Ties Wieggers,23.0,STAYED,De Graafschap Doetinchem,keuken_kampioen_divisie,0.433012,0.085666634,0,0
83207,Lovro Stubljar,21.0,STAYED,NK Domzale,prva_liga,0.383098135,0.004607103,0,0
103884,Jerik von der Felsen,21.0,STAYED,FC-Astoria Walldorf,regionalliga_suedwest,0.405667995,0.2801749,0,0
53710,Oleksandr Kemkin,23.0,STAYED,Karpaty Lviv,premier_liga_ukraine,0.401354885,0.00091841933,0,0
49669,Lukas Hornicek,23.0,STAYED,SC Braga,primeira_liga,0.622191505,0.10910831,0,0
95010,Filip Majchrowicz,26.0,STAYED,Radomiak Radom,ekstraklasa,0.6288633,0.055096287,0,0
3051,Maxime Delanghe,24.0,STAYED,Cercle Brügge,belgian_pro_league,0.67107149,0.00241351,0,0
144946,Danylo Varakuta,24.0,STAYED,Chornomorets Odessa,premier_liga_ukraine,0.401354885,0.0056604315,0,0
146070,Zeljko Samcovic,23.0,STAYED,FK Novi Pazar,super_liga_srbije,0.34917809,0.17535424,0,0
30285,Oliver Dovin,23.0,STAYED,Hammarby IF,allsvenskan,0.579539565,0.5116201,1,0
113424,Maciej Kikolski,22.0,STAYED,Radomiak Radom,ekstraklasa,0.6288633,0.0019519532,0,0
106440,Martin Delavallée,21.0,STAYED,RSC Charleroi,belgian_pro_league,0.67107149,0.3978067,0,0
109353,Elias Bethke,22.0,STAYED,FC Energie Cottbus,bundesliga_3,0.557671055,0.08399388,0,0
8182,Jakob Tånnander,25.0,STAYED,IK Sirius,allsvenskan,0.579539565,0.1689123,0,0
66684,Nikola Cavlina,23.0,STAYED,NK Lokomotiva Zagreb,hnl_1,0.507882825,0.026658235,0,0
45963,Lucas Margueron,25.0,STAYED,RFC Seraing,challenger_pro_league,0.34851325,0.37920496,0,0
199882,Lazar Balevic,18.0,STAYED,FK Napredak Krusevac,super_liga_srbije,0.34917809,0.08458495,0,0
48986,Samuel Petras,26.0,STAYED,ETO FC Győr,nemzeti_bajnoksag,0.53889144,0.013401125,0,0
75872,Robin Roefs,23.0,STAYED,NEC Nijmegen,eredivisie,0.6917069149999999,0.003834352,0,0
114827,Elis Bishesari,20.0,STAYED,IFK Göteborg,allsvenskan,0.579539565,0.0033719684,0,0
3706,Mateusz Kochalski,25.0,STAYED,Stal Mielec,ekstraklasa,0.6288633,0.024156705,0,0
73584,Oliwier Zych,21.0,STAYED,Puszcza Niepolomice,ekstraklasa,0.6288633,0.0028777118,0,0
104059,Max Weiß,21.0,STAYED,Karlsruher SC,bundesliga_2,0.710514535,0.061514325,0,0
103210,Szymon Weirauch,22.0,STAYED,Lechia Gdansk,ekstraklasa,0.6288633,0.0007201064,0,0
28573,Sharif Kaiuf,24.0,STAYED,Maccabi Haifa,ligat_haal,0.5,0.00384359,0,0
148849,Kewin Komar,22.0,STAYED,Puszcza Niepolomice,ekstraklasa,0.6288633,0.019172886,0,0
48319,Timothy Fayulu,26.0,STAYED,FC Sion,super_league_switzerland,0.6643794000000001,0.10775816,0,0
99699,Kiril Fesyun,23.0,STAYED,Kolos Kovalivka,premier_liga_ukraine,0.401354885,0.1075068,0,0
83295,Pablo Campos,23.0,STAYED,FC Cartagena,laliga2,0.6,0.0013869479,0,0
83267,Lucas Lavallée,23.0,STAYED,LB Châteauroux,france_3,0.513178375,0.025339412,0,0
107163,Christian Rust,21.0,STAYED,SC Weiche Flensburg 08,regionalliga_nord,0.26403716,0.015255854,0,0
70485,Lautaro Amadé,26.0,STAYED,Racing Club de Montevideo,primera_division_paraguay,0.4,0.013063744,0,0
111797,Bruno Antúnez,23.0,STAYED,CA Boston River,primera_division_paraguay,0.4,0.13577804,0,0
141296,Matthias Pieklak,19.0,STAYED,Lommel SK,challenger_pro_league,0.34851325,0.0677864,0,0
90186,Doğan Alemdar,23.0,STAYED,ESTAC Troyes,ligue2,0.61397649,0.91365176,1,0
27226,Yevgeniy Kucherenko,26.0,STAYED,LNZ Cherkasy,premier_liga_ukraine,0.401354885,0.01131807,0,0
67423,Luiz Júnior,25.0,STAYED,FC Famalicão,primeira_liga,0.622191505,0.18821722,0,0
47150,Ruslan Neshcheret,24.0,STAYED,Dynamo Kiew,premier_liga_ukraine,0.401354885,0.22269481,0,0
75094,Fabrizio Correa,25.0,STAYED,CA River Plate Montevideo,primera_division_paraguay,0.4,0.009427139,0,0
50130,Mauro Silveira,25.0,STAYED,Montevideo Wanderers,primera_division_paraguay,0.4,0.44793856,0,0
57884,Mathieu Patouillet,22.0,STAYED,FC Sochaux-Montbéliard,france_3,0.513178375,0.057597034,0,0
149152,Filip Sidklev,21.0,STAYED,IF Brommapojkarna,allsvenskan,0.579539565,0.06519567,0,0
63800,David Richter,26.0,STAYED,TSV 1860 München,bundesliga_3,0.557671055,0.022384536,0,0
3970,Christian Früchtl,26.0,STAYED,FK Austria Wien,bundesliga_austria,0.6016963049999999,0.8423811,1,0
52990,Joon-hong Kim,22.0,STAYED,Gimcheon Sangmu,k_league_1,0.55,0.29660773,0,0
106643,Franko Kolic,23.0,STAYED,NK Istra 1961,hnl_1,0.507882825,0.006070616,0,0
3822,Mees Bakker,25.0,STAYED,De Graafschap Doetinchem,keuken_kampioen_divisie,0.433012,0.02119296,0,0
114869,Luka Lijeskic,21.0,STAYED,FK Radnicki 1923 Kragujevac,super_liga_srbije,0.34917809,0.07504894,0,0
13027,Djordje Petrovic,26.0,STAYED,RC Straßburg Alsace,ligue1,0.7712210150000001,0.21419762,0,0
27624,Togo Umeda,25.0,STAYED,Shimizu S-Pulse,j1_league,0.614975735,0.058073997,0,0
75225,Luca Giossa,25.0,STAYED,Miramar Misiones,primera_division_paraguay,0.4,0.005836407,0,0
53372,Masato Sasaki,23.0,STAYED,Kashiwa Reysol,j1_league,0.614975735,0.1640203,0,0
15146,Federico Ravaglia,26.0,STAYED,FC Bologna,serie_a,0.82,0.0047379294,0,0
180348,Robin Wallinder,26.0,STAYED,Östers IF,allsvenskan,0.579539565,0.0012202163,0,0
55999,Yuma Obata,24.0,STAYED,Avispa Fukuoka,j1_league,0.614975735,0.017183706,0,0
111833,Victor Aznar,23.0,STAYED,FC Cádiz,laliga2,0.6,0.003336623,0,0
116814,Zan Mauricio,21.0,STAYED,NK Nafta 1903,prva_liga,0.383098135,0.018049596,0,0
166198,Stojan Lekovic,24.0,STAYED,FK Radnicki 1923 Kragujevac,super_liga_srbije,0.34917809,0.6998198,1,0
161408,David Andersson,22.0,STAYED,IFK Norrköping,allsvenskan,0.579539565,0.015155135,0,0
162396,Mamour Ndiaye,20.0,STAYED,Sarpsborg 08 FF,eliteserien,0.5777367099999999,0.008745066,0,0
57130,Nahuel Suárez,25.0,STAYED,CA Progreso,primera_division_paraguay,0.4,0.10645163,0,0
135654,Lazar Kalicanin,21.0,STAYED,FK Cukaricki,super_liga_srbije,0.34917809,0.014893646,0,0
94969,Jakub Mądrzyk,22.0,STAYED,Stal Mielec,ekstraklasa,0.6288633,0.004234767,0,0
99640,Nikola Ivezic,22.0,STAYED,Lommel SK,challenger_pro_league,0.34851325,0.41164577,0,0
26993,Niklas Steffen,25.0,STAYED,FC Thun,super_league_switzerland,0.6643794000000001,0.04014373,0,0
87147,Uros Likar,26.0,STAYED,NK Bravo,prva_liga,0.383098135,0.12353516,0,0
150322,Guilherme Fernandes,24.0,STAYED,Real Valladolid,laliga2,0.6,0.009940989,0,0
175974,Tom Bramel,20.0,STAYED,Vitesse Arnheim,keuken_kampioen_divisie,0.433012,0.03583716,0,0
38255,Andriy Kozhukhar,26.0,STAYED,NK Veres Rivne,premier_liga_ukraine,0.401354885,0.05270438,0,0
67339,Stefan Drljaca,26.0,STAYED,SG Dynamo Dresden,bundesliga_3,0.557671055,0.02011524,0,0
105294,Radek Vítek,22.0,STAYED,FC Blau-Weiß Linz,bundesliga_austria,0.6016963049999999,0.0046384498,0,0
75665,Jort Borgmans,23.0,STAYED,FC Eindhoven,keuken_kampioen_divisie,0.433012,0.14543869,0,0
108200,Kaique Pereira,22.0,STAYED,CD Nacional,primeira_liga,0.622191505,0.08830668,0,0
104815,Konstantin Heide,20.0,STAYED,SpVgg Unterhaching,bundesliga_3,0.557671055,0.0077231773,0,0
30547,Jedrzej Grobelny,24.0,STAYED,Warta Posen,ekstraklasa,0.6288633,0.32654867,0,0
5699,Filip Djukic,26.0,STAYED,Hvidovre IF,superligaen,0.6607162449999999,0.07614029,0,0
52871,Mykyta Turbayevskyi,24.0,STAYED,Zorya Lugansk,premier_liga_ukraine,0.401354885,0.026220378,0,0
131750,Yuriy-Volodymyr Gereta,22.0,STAYED,Rukh Lviv,premier_liga_ukraine,0.401354885,0.074840285,0,0
30959,Hugo Wentges,24.0,STAYED,ADO Den Haag,keuken_kampioen_divisie,0.433012,0.00974395,0,0
27185,Lucien Hawryluk,25.0,STAYED,SV Waldhof Mannheim,bundesliga_3,0.557671055,0.024989327,0,0
75233,Santiago Silva,26.0,STAYED,CA Boston River,primera_division_paraguay,0.4,0.24138589,0,0
217966,Bernardo,23.0,STAYED,CD Tondela,primeira_liga,0.622191505,0.00049316173,0,0
78822,Lukas Jungwirth,21.0,STAYED,LASK,bundesliga_austria,0.6016963049999999,0.019620432,0,0
79189,Theo Sander,21.0,STAYED,Aalborg BK,superligaen,0.6607162449999999,0.06750374,0,0
105879,André Gomes,21.0,STAYED,FC Alverca,primeira_liga,0.622191505,0.00822795,0,0
86246,Antonio Djakovic,24.0,STAYED,HNK Sibenik,hnl_1,0.507882825,0.01426315,0,0
165565,Luka Bas,23.0,STAYED,NK Radomlje,prva_liga,0.383098135,0.058356974,0,0
119249,Adrian Sæther,24.0,STAYED,Kristiansund BK,eliteserien,0.5777367099999999,0.07186054,0,0
109277,Jan Niemann,21.0,STAYED,FC Teutonia 05 Ottensen,regionalliga_nord,0.26403716,0.12218796,0,0
12780,Julian Faye Lund,26.0,STAYED,Rosenborg BK,eliteserien,0.5777367099999999,0.22033194,0,0
50075,Tomoya Wakahara,26.0,STAYED,Kyoto Sanga,j1_league,0.614975735,0.008029768,0,0
3357,Berke Özer,25.0,STAYED,LOSC Lille,ligue1,0.7712210150000001,0.18668242,0,0
37246,Petr Mikulec,26.0,STAYED,FK Mlada Boleslav,chance_liga,0.345279435,0.76442116,1,0
116715,Martin Dala,21.0,STAYED,Fehérvár FC,nemzeti_bajnoksag,0.53889144,0.01539549,0,0
4749,Dominik Kotarski,26.0,STAYED,FC Kopenhagen,superligaen,0.6607162449999999,0.0042507746,0,0
78657,Zan Luk Leban,23.0,STAYED,NK Celje,prva_liga,0.383098135,0.076384604,0,0
136492,Áron Yaakobishvili,20.0,STAYED,FC Andorra,laliga2,0.6,0.0054409653,0,0
56433,Jonas Wendlinger,25.0,STAYED,Almere City FC,keuken_kampioen_divisie,0.433012,0.045861226,0,0
135846,Yakiv Kinareykin,22.0,STAYED,Karpaty Lviv,premier_liga_ukraine,0.401354885,0.1254285,0,0
78648,Iker Álvarez,24.0,STAYED,FC Córdoba,laliga2,0.6,0.077932805,0,0
53522,Matis Carvalho,26.0,STAYED,Le Puy Foot 43 Auvergne,france_3,0.513178375,0.020028032,0,0
70463,Teddy Boulhendi,24.0,STAYED,FC Bourg-Péronnas 01,france_3,0.513178375,0.06522374,0,0
160297,Mathys Niflore,19.0,STAYED,USL Dunkerque,ligue2,0.61397649,0.00843175,0,0
158793,Emiliano Márquez,23.0,STAYED,CA Fénix,primera_division_paraguay,0.4,0.477093,0,0
114714,Noah Raveyre,20.0,STAYED,Pau FC,ligue2,0.61397649,0.032177437,0,0
114746,Bernt Klaverboer,20.0,STAYED,SC Heerenveen,eredivisie,0.6917069149999999,0.0035736694,0,0
278980,Gaël Alette,24.0,STAYED,Football Club Fleury 91,france_3,0.513178375,0.23513438,0,0
66789,Justin Bengui,20.0,STAYED,FK Jedinstvo Ub,super_liga_srbije,0.34917809,0.0020469022,0,0
87946,Vedad Muftic,24.0,STAYED,FK Zeljeznicar Sarajevo,premijer_liga_bih,0.536591375,0.017669715,0,0
179871,Vukasin Jovanovic,18.0,STAYED,FK Jedinstvo Ub,super_liga_srbije,0.34917809,0.20195764,0,0
191918,Simon Eriksson,19.0,STAYED,IF Elfsborg,allsvenskan,0.579539565,0.10411143,0,0
146113,Valentyn Gorokh,25.0,STAYED,NK Veres Rivne,premier_liga_ukraine,0.401354885,0.01430978,0,0
180581,Tae-hui Han,21.0,STAYED,Daegu FC,k_league_1,0.55,0.009182052,0,0
105971,Viktor Andersson,21.0,STAYED,IFK Värnamo,allsvenskan,0.579539565,0.043150946,0,0
135629,Dimitrije Stevanovic,21.0,STAYED,FK Radnicki Nis,super_liga_srbije,0.34917809,0.037385978,0,0
139974,Barnabás Simon,22.0,STAYED,Paksi FC,nemzeti_bajnoksag,0.53889144,0.0054639056,0,0
182327,Mladen Jurkas,18.0,STAYED,FK Borac Banja Luka,premijer_liga_bih,0.536591375,0.00939117,0,0
53529,Matevz Dajcar,24.0,STAYED,NK Olimpija Ljubljana,prva_liga,0.383098135,0.23162304,0,0
182743,Lan Jovanovic,19.0,STAYED,NK Aluminij Kidricevo,prva_liga,0.383098135,0.15033178,0,0
88744,Sergejs Vilkovs,23.0,STAYED,RFS,virsliga,0.17575453,0.7771063,1,0
45118,Juan Moreno,26.0,STAYED,Miramar Misiones,primera_division_paraguay,0.4,0.024257952,0,0
46212,Oliver Petersen,24.0,STAYED,Molde FK,eliteserien,0.5777367099999999,0.33795157,0,0
137041,Mihai Popa,25.0,STAYED,CFR Cluj,superliga_romania,0.456571,0.011099663,0,0
47611,Grégoire Coudert,26.0,STAYED,Stade Brest 29,ligue1,0.7712210150000001,0.002186761,0,0
68957,Alexandre Pierre,25.0,STAYED,FC Sochaux-Montbéliard,france_3,0.513178375,0.07132524,0,0
77349,Nathan Yavorsky,24.0,STAYED,FC Versailles 78,france_3,0.513178375,0.03928086,0,0
68876,Jong-beom Baek,25.0,STAYED,FC Seoul,k_league_1,0.55,0.006793917,0,0
118613,Marino Bulat,26.0,STAYED,HNK Vukovar 1991,hnl_1,0.507882825,0.016494649,0,0
106769,Kiany Vroman,22.0,STAYED,KSK Lierse Kempenzonen,challenger_pro_league,0.34851325,0.66840297,1,0
119253,Rafal Mamla,22.0,STAYED,Korona Kielce,ekstraklasa,0.6288633,0.0014993044,0,0
31896,Christos Mandas,24.0,STAYED,Lazio Rom,serie_a,0.82,0.018362425,0,0
33634,Ivan Krajcirik,25.0,STAYED,MFK Ruzomberok,fortuna_liga_slovakia,0.528078685,0.002003929,0,0
56228,Joey Houweling,25.0,STAYED,SC Telstar,keuken_kampioen_divisie,0.433012,0.13332061,0,0
214022,Igor Nikic,25.0,STAYED,CD Mirandés,laliga2,0.6,0.002435998,0,0
115809,Gabriel Kobylak,24.0,STAYED,Radomiak Radom,ekstraklasa,0.6288633,0.024016283,0,0
159650,Eduardo Bores,23.0,STAYED,Libertad FC,liga_pro_ecuador,0.4,0.014307513,0,0
89542,David Celic,23.0,STAYED,IK Sirius,allsvenskan,0.579539565,0.003776942,0,0
184556,Alexandre Pisano,20.0,STAYED,Nagoya Grampus,j1_league,0.614975735,0.0046013794,0,0
122714,Nejc Dermastija,22.0,STAYED,NS Mura,prva_liga,0.383098135,0.015680965,0,0
104775,Noah Brdar,20.0,STAYED,SV Wehen Wiesbaden,bundesliga_3,0.557671055,0.06297095,0,0
181013,Kazuki Fujita,25.0,STAYED,Albirex Niigata,j1_league,0.614975735,0.012604364,0,0
30449,Trevor Doornbusch,26.0,STAYED,VVV-Venlo,keuken_kampioen_divisie,0.433012,0.1982948,0,0
162345,Kees Sims,22.0,STAYED,GAIS Göteborg,allsvenskan,0.579539565,0.0048631625,0,0
37675,Mattias Lamhauge,26.0,STAYED,FC Fredericia,superligaen,0.6607162449999999,0.047026902,0,0
103819,Alaa Bellaarouch,24.0,STAYED,RC Straßburg Alsace,ligue1,0.7712210150000001,0.3639608,0,0
56449,Edoardo Corvi,24.0,STAYED,Parma Calcio 1913,serie_a,0.82,0.01267999,0,0
217773,Matija Gocmanac,22.0,STAYED,FK Vojvodina Novi Sad,super_liga_srbije,0.34917809,0.13638654,0,0
217165,Nazar Domchak,18.0,STAYED,Karpaty Lviv,premier_liga_ukraine,0.401354885,0.022018736,0,0
57879,Ivan Guteša,23.0,STAYED,Roter Stern Belgrad,super_liga_srbije,0.34917809,0.49093866,0,0
86239,Toni Silic,21.0,STAYED,HNK Hajduk Split,hnl_1,0.507882825,0.0010773882,0,0
52156,João Valido,26.0,STAYED,FC Arouca,primeira_liga,0.622191505,0.08906486,0,0
187227,Julian Renner,22.0,STAYED,KAS Eupen,challenger_pro_league,0.34851325,0.070120156,0,0
62848,Juan Castillo,23.0,STAYED,Vitória Guimarães SC,primeira_liga,0.622191505,0.0012269013,0,0
104934,Erion Avdija,21.0,STAYED,SpVgg Unterhaching,regionalliga_bayern,0.28719256,0.95239043,1,0
107693,Felix Wienand,23.0,STAYED,Rot-Weiss Essen,bundesliga_3,0.557671055,0.008263423,0,0
102803,Salvi Carrasco,25.0,STAYED,CD Teneriffa,laliga2,0.6,0.23056906,0,0
16517,Shusaku Nishikawa,39.0,STAYED,Urawa Red Diamonds,j1_league,0.614975735,0.0024951962,0,0
56050,Il-gyu Park,36.0,STAYED,Sagan Tosu,j1_league,0.614975735,0.014185183,0,0
1432,Mitchell Langerak,37.0,STAYED,Nagoya Grampus,j1_league,0.614975735,0.031468157,0,0
16502,Jin-hyeon Kim,38.0,STAYED,Cerezo Osaka,j1_league,0.614975735,0.0016670172,0,0
55878,Daiya Maekawa,31.0,STAYED,Vissel Kobe,j1_league,0.614975735,0.06440376,0,0
66802,Nikita Haikin,30.0,STAYED,FK Bodø/Glimt,eliteserien,0.5777367099999999,0.052803036,0,0
3901,Anthony Moris,35.0,STAYED,Royale Union Saint Gilloise,belgian_pro_league,0.67107149,0.003327007,0,0
10555,Lars Unnerstall,35.0,STAYED,FC Twente Enschede,eredivisie,0.6917069149999999,0.0035837523,0,0
51439,Etienne Vaessen,30.0,STAYED,RKC Waalwijk,eredivisie,0.6917069149999999,0.016174499,0,0
16547,Sung-ryong Jung,41.0,STAYED,Kawasaki Frontale,j1_league,0.614975735,0.0010982048,0,0
213,Simon Mignolet,38.0,STAYED,FC Brügge,belgian_pro_league,0.67107149,0.011157789,0,0
13623,Nicolai Larsen,35.0,STAYED,Silkeborg IF,superligaen,0.6607162449999999,0.039594438,0,0
43842,Marcus Sandberg,35.0,STAYED,Stabæk Fotball,eliteserien,0.5777367099999999,0.006260032,0,0
13548,Jesper Hansen,40.0,STAYED,Aarhus GF,superligaen,0.6607162449999999,0.0029670815,0,0
56198,Takanori Sugeno,41.0,STAYED,Hokkaido Consadole Sapporo,j1_league,0.614975735,0.07552797,0,0
47988,Jakub Slowik,34.0,STAYED,Vegalta Sendai,j1_league,0.614975735,0.0043359464,0,0
43826,Jacob Karlstrøm,29.0,STAYED,Tromsø IL,eliteserien,0.5777367099999999,0.0192064,0,0
76848,Masaaki Murakami,33.0,STAYED,Avispa Fukuoka,j1_league,0.614975735,0.13169792,0,0
15352,Andreas Hansen,30.0,STAYED,FC Nordsjaelland,superligaen,0.6607162449999999,0.44562364,0,0
16491,Masaaki Higashiguchi,39.0,STAYED,Gamba Osaka,j1_league,0.614975735,0.0016427829,0,0
81396,Tomoki Hayakawa,27.0,STAYED,Kashima Antlers,j1_league,0.614975735,0.0044137263,0,0
66728,Egil Selvik,28.0,STAYED,FK Haugesund,eliteserien,0.5777367099999999,0.15506218,0,0
210,Vasilios Barkas,31.0,STAYED,FC Utrecht,eredivisie,0.6917069149999999,0.043440666,0,0
76863,Naoto Kamifukumoto,36.0,STAYED,Tokushima Vortis,j1_league,0.614975735,0.042421248,0,0
6682,Jakob Haugaard,33.0,STAYED,Tromsø IL,eliteserien,0.5777367099999999,0.013252601,0,0
5358,Remko Pasveer,42.0,STAYED,Vitesse Arnheim,eredivisie,0.6917069149999999,0.021107938,0,0
20739,André Hansen,36.0,STAYED,Rosenborg BK,eliteserien,0.5777367099999999,0.035129514,0,0
57059,Jun Ichimori,34.0,STAYED,Gamba Osaka,j1_league,0.614975735,0.013384063,0,0
15970,Ryosuke Kojima,29.0,STAYED,Kashiwa Reysol,j1_league,0.614975735,0.006312199,0,0
66731,Jacob Storevik,29.0,STAYED,Sandefjord Fotball,eliteserien,0.5777367099999999,0.020919332,0,0
52232,Wladimiro Falcone,30.0,STAYED,US Lecce,serie_a,0.82,0.00202219,0,0
37408,Sinan Bolat,37.0,STAYED,KVC Westerlo,belgian_pro_league,0.67107149,0.0018592984,0,0
20791,Lawrence Ati Zigi,29.0,STAYED,FC St. Gallen 1879,super_league_switzerland,0.6643794000000001,0.009410304,0,0
2888,Davy Roef,32.0,STAYED,KAA Gent,belgian_pro_league,0.67107149,0.007900584,0,0
21358,Wouter van der Steen,35.0,STAYED,Helmond Sport,keuken_kampioen_divisie,0.433012,0.02871112,0,0
9400,Yanick Brecher,32.0,STAYED,FC Zürich,super_league_switzerland,0.6643794000000001,0.28945643,0,0
32587,Lorenzo Montipò,30.0,STAYED,Hellas Verona,serie_a,0.82,0.013438922,0,0
1837,Walter Benítez,33.0,STAYED,PSV Eindhoven,eredivisie,0.6917069149999999,0.027348353,0,0
3724,Hugo Keto,28.0,STAYED,Sandefjord Fotball,eliteserien,0.5777367099999999,0.03178841,0,0
133156,Sasa Stamenkovic,41.0,STAYED,FK Mladost Lucani,super_liga_srbije,0.34917809,0.002596123,0,0
47537,Enzo Basilio,31.0,STAYED,EA Guingamp,ligue2,0.61397649,0.015429911,0,0
377,Marwin Hitz,38.0,STAYED,FC Basel 1893,super_league_switzerland,0.6643794000000001,0.018663563,0,0
3472,Karlo Letica,29.0,STAYED,FC Lausanne-Sport,super_league_switzerland,0.6643794000000001,0.12066073,0,0
15833,Dominik Reimann,28.0,STAYED,1. FC Magdeburg,bundesliga_2,0.710514535,0.0029683316,0,0
9661,Martin Männel,37.0,STAYED,FC Erzgebirge Aue,bundesliga_3,0.557671055,0.0021006633,0,0
19570,Vanja Milinković-Savić,29.0,STAYED,FC Turin,serie_a,0.82,0.0055522704,0,0
75611,Stijn van Gassel,29.0,STAYED,Excelsior Rotterdam,eredivisie,0.6917069149999999,0.010684222,0,0
17228,Mamadou Samassa,36.0,STAYED,Stade Laval,ligue2,0.61397649,0.00022207477,0,0
15814,Florian Kastenmeier,28.0,STAYED,Fortuna Düsseldorf,bundesliga_2,0.710514535,0.048614353,0,0
398,Yann Sommer,37.0,STAYED,Inter Mailand,serie_a,0.82,0.0036401798,0,0
1650,Mike Maignan,30.0,STAYED,AC Mailand,serie_a,0.82,0.0084025385,0,0
16521,Seung-gyu Kim,35.0,STAYED,Kashiwa Reysol,j1_league,0.614975735,0.07026461,0,0
43991,Mathias Dyngeland,30.0,STAYED,SK Brann,eliteserien,0.5777367099999999,0.01435649,0,0
1023,Alexander Nübel,29.0,STAYED,VfB Stuttgart,bundesliga_1,0.82647051,0.0071766204,0,0
1729,Florian Escales,30.0,STAYED,FC Annecy,ligue2,0.61397649,0.29092282,0,0
37748,Rafal Leszczynski,33.0,STAYED,Śląsk Wrocław,ekstraklasa,0.6288633,0.013224905,0,0
42471,Oliver Zelenika,32.0,STAYED,NK Varazdin,hnl_1,0.507882825,0.011935704,0,0
1798,Brice Samba,31.0,STAYED,RC Lens,ligue1,0.7712210150000001,0.0003550378,0,0
70556,Jakob Golz,27.0,STAYED,Rot-Weiss Essen,bundesliga_3,0.557671055,0.031385913,0,0
71177,Michele Di Gregorio,28.0,STAYED,Juventus Turin,serie_a,0.82,0.000924756,0,0
1027,Oliver Baumann,35.0,STAYED,TSG 1899 Hoffenheim,bundesliga_1,0.82647051,0.0146105075,0,0
2515,Johny Placide,38.0,STAYED,SC Bastia,ligue2,0.61397649,0.005691876,0,0
8508,Hendrik Van Crombrugge,32.0,STAYED,RSC Anderlecht,belgian_pro_league,0.67107149,0.0053361244,0,0
6784,Kristoffer Nordfeldt,36.0,STAYED,AIK Solna,allsvenskan,0.579539565,0.00064320664,0,0
55897,Yohei Takaoka,29.0,STAYED,Yokohama F. Marinos,j1_league,0.614975735,0.42437848,0,0
444,Frederik Rönnow,33.0,STAYED,1. FC Union Berlin,bundesliga_1,0.82647051,0.018330779,0,0
47196,Ivan Provedel,31.0,STAYED,Lazio Rom,serie_a,0.82,0.0014766298,0,0
48029,Frantisek Plach,34.0,STAYED,Piast Gliwice,ekstraklasa,0.6288633,0.05858832,0,0
1189,Gregor Kobel,28.0,STAYED,Borussia Dortmund,bundesliga_1,0.82647051,0.0024598013,0,0
9664,Marius Funk,30.0,STAYED,FC Ingolstadt 04,bundesliga_3,0.557671055,0.00481041,0,0
5385,Azbe Jug,34.0,STAYED,NK Maribor,prva_liga,0.383098135,0.044211574,0,0
1408,Benjamin Uphoff,32.0,STAYED,FC Hansa Rostock,bundesliga_3,0.557671055,0.016778817,0,0
11391,Matheus Vidotto,32.0,STAYED,Tokyo Verdy,j1_league,0.614975735,0.0068357703,0,0
29032,Marko Malenica,32.0,STAYED,NK Osijek,hnl_1,0.507882825,0.08612242,0,0
9074,Patrick Pentz,29.0,STAYED,Bröndby IF,superligaen,0.6607162449999999,0.07571975,0,0
41348,Dejan Stojanovic,32.0,STAYED,SCR Altach,bundesliga_austria,0.6016963049999999,0.0010564629,0,0
153339,Jordi Belin,30.0,STAYED,Patro Eisden Maasmechelen,challenger_pro_league,0.34851325,0.008229724,0,0
55875,Hiroki Iikura,39.0,STAYED,Vissel Kobe,j1_league,0.614975735,0.005425034,0,0
38464,Andries Noppert,31.0,STAYED,SC Heerenveen,eredivisie,0.6917069149999999,0.021097615,0,0
57821,Ivan Banic,31.0,STAYED,HNK Gorica,hnl_1,0.507882825,0.052909516,0,0
29789,Sondre Rossbach,30.0,STAYED,Odds BK,eliteserien,0.5777367099999999,0.12063859,0,0
39086,Warleson,29.0,STAYED,Cercle Brügge,belgian_pro_league,0.67107149,0.03950681,0,0
253,Jonas Lössl,37.0,STAYED,FC Midtjylland,superligaen,0.6607162449999999,0.00059219246,0,0
22962,Joël Mall,34.0,STAYED,Servette FC,super_league_switzerland,0.6643794000000001,0.04415212,0,0
3334,Alex Meret,28.0,STAYED,SSC Neapel,serie_a,0.82,0.0012802612,0,0
1376,Robin Zentner,31.0,STAYED,1. FSV Mainz 05,bundesliga_1,0.82647051,0.011247387,0,0
44105,Hyeon-woo Jo,34.0,STAYED,Ulsan Hyundai,k_league_1,0.55,0.0022520893,0,0
14917,Lukasz Skorupski,34.0,STAYED,FC Bologna,serie_a,0.82,0.008251134,0,0
82,Anthony Lopes,35.0,STAYED,Olympique Lyon,ligue1,0.7712210150000001,0.0012640547,0,0
5065,Aleksandar Jovanovic,33.0,STAYED,FK Partizan Belgrad,super_liga_srbije,0.34917809,0.030375948,0,0
61813,Kyeong-min Kim,34.0,STAYED,Gwangju FC,k_league_1,0.55,0.009097435,0,0
43762,Sean McDermott,32.0,STAYED,Kristiansund BK,eliteserien,0.5777367099999999,0.0074183666,0,0
10367,Svend Brodersen,28.0,STAYED,Fagiano Okayama,j1_league,0.614975735,0.013197827,0,0
28160,Ander Cantero,31.0,STAYED,Burgos CF,laliga2,0.6,0.0072985375,0,0
29927,Alexander Schlager,30.0,STAYED,Red Bull Salzburg,bundesliga_austria,0.6016963049999999,0.011340807,0,0
33296,Régis Gurtner,39.0,STAYED,Amiens SC,ligue2,0.61397649,0.002410591,0,0
668,Ron-Robert Zieler,37.0,STAYED,Hannover 96,bundesliga_2,0.710514535,0.0035139336,0,0
7086,Andrés Fernández,39.0,STAYED,Levante UD,laliga2,0.6,0.0006131627,0,0
41063,Alfonso Herrero,31.0,STAYED,FC Málaga,laliga2,0.6,0.00289475,0,0
538,Dénes Dibusz,35.0,STAYED,Ferencváros Budapest,nemzeti_bajnoksag,0.53889144,0.007614801,0,0
45492,Jokin Ezkieta,29.0,STAYED,Racing Santander,laliga2,0.6,0.040601805,0,0
29273,Per Kristian Bråtveit,30.0,STAYED,Strømsgodset IF,eliteserien,0.5777367099999999,0.015894447,0,0
44770,Raphael Sallinger,30.0,STAYED,TSV Hartberg,bundesliga_austria,0.6016963049999999,0.74530965,1,0
5419,Rubén Yáñez,32.0,STAYED,Sporting Gijón,laliga2,0.6,0.008861571,0,0
44322,Dmytro Riznyk,27.0,STAYED,Shakhtar Donetsk,premier_liga_ukraine,0.401354885,0.8989777,1,0
33937,Dragan Rosic,29.0,STAYED,FK Vojvodina Novi Sad,super_liga_srbije,0.34917809,0.004918215,0,0
14693,Kevin Dawson,34.0,STAYED,Defensor SC,primera_division_paraguay,0.4,0.0402981,0,0
16146,Jun-su Ahn,28.0,STAYED,Suwon FC,k_league_1,0.55,0.0011553608,0,0
43777,Anders Kristiansen,35.0,STAYED,Sarpsborg 08 FF,eliteserien,0.5777367099999999,0.052453484,0,0
205,Péter Gulácsi,35.0,STAYED,RasenBallsport Leipzig,bundesliga_1,0.82647051,0.0022410857,0,0
20794,David Mitov Nilsson,35.0,STAYED,Sarpsborg 08 FF,eliteserien,0.5777367099999999,0.03794437,0,0
44255,Nikola Mirkovic,34.0,STAYED,FK Novi Pazar,super_liga_srbije,0.34917809,0.0034777448,0,0
582,Manuel Neuer,39.0,STAYED,FC Bayern München,bundesliga_1,0.82647051,0.000884611,0,0
16732,Dong-jun Kim,31.0,STAYED,Jeju United,k_league_1,0.55,0.067950204,0,0
77461,Jiri Letacek,27.0,STAYED,FC Banik Ostrau,chance_liga,0.345279435,0.9563044,1,0
178099,In-jae Hwang,31.0,STAYED,Pohang Steelers,k_league_1,0.55,0.0010081144,0,0
2842,Jasper Cillessen,36.0,STAYED,NEC Nijmegen,eredivisie,0.6917069149999999,0.008050137,0,0
56853,Kenta Matsumoto,28.0,STAYED,Kashiwa Reysol,j1_league,0.614975735,0.13747886,0,0
1725,Mauro Goicoechea,37.0,STAYED,Danubio FC,primera_division_paraguay,0.4,0.013162904,0,0
116158,Tom Vandenberghe,33.0,STAYED,KV Kortrijk,belgian_pro_league,0.67107149,0.008270894,0,0
77420,Ivan Susak,28.0,STAYED,Slaven Belupo Koprivnica,hnl_1,0.507882825,0.0018532058,0,0
55736,Chang-geun Lee,32.0,STAYED,Daejeon Hana Citizen,k_league_1,0.55,0.0040522283,0,0
240,David de Gea,35.0,STAYED,AC Florenz,serie_a,0.82,0.0015360059,0,0
15890,Go Hatano,27.0,STAYED,FC Tokyo,j1_league,0.614975735,0.0071142577,0,0
67324,Ricardo Velho,27.0,STAYED,SC Farense,primeira_liga,0.622191505,0.007625254,0,0
1718,Benjamin Lecomte,34.0,STAYED,HSC Montpellier,ligue1,0.7712210150000001,0.0060265316,0,0
16337,Bruno Varela,31.0,STAYED,Vitória Guimarães SC,primeira_liga,0.622191505,0.0027885695,0,0
34133,Martin Zlomislic,27.0,STAYED,HNK Rijeka,hnl_1,0.507882825,0.0051440164,0,0
35380,Yevgen Volynets,32.0,STAYED,SK Dnipro-1,premier_liga_ukraine,0.401354885,0.2512427,0,0
73452,Kewin,31.0,STAYED,Moreirense FC,primeira_liga,0.622191505,0.00057546265,0,0
40509,Dani Jiménez,36.0,STAYED,SD Huesca,laliga2,0.6,0.0010504083,0,0
512,Stefanos Kapino,31.0,STAYED,FC Winterthur,super_league_switzerland,0.6643794000000001,0.0021058284,0,0
112438,Gakuji Ota,35.0,STAYED,Kyoto Sanga,j1_league,0.614975735,0.0006434543,0,0
23263,Philipp Köhn,27.0,STAYED,AS Monaco,ligue1,0.7712210150000001,0.0421981,0,0
2934,Ivan Nevistic,27.0,STAYED,GNK Dinamo Zagreb,hnl_1,0.507882825,0.19499743,0,0
39175,Gabriel Batista,27.0,STAYED,CD Santa Clara,primeira_liga,0.622191505,0.013787277,0,0
814,Balázs Megyeri,35.0,STAYED,Debreceni VSC,nemzeti_bajnoksag,0.53889144,0.109277196,0,0
32167,Isak Pettersson,28.0,STAYED,Stabæk Fotball,eliteserien,0.5777367099999999,0.0077160946,0,0
140096,Sebastian Madejski,29.0,STAYED,Cracovia,ekstraklasa,0.6288633,0.07453262,0,0
1396,Ivan Lucic,30.0,STAYED,HNK Hajduk Split,hnl_1,0.507882825,0.032327995,0,0
3887,Mickey van der Hart,31.0,STAYED,FC Emmen,eredivisie,0.6917069149999999,0.0019657295,0,0
12428,Luis Mejía,34.0,STAYED,Club Nacional,primera_division_paraguay,0.4,0.019427527,0,0
75131,Sebastián Lentinelly,28.0,STAYED,Liverpool FC Montevideo,primera_division_paraguay,0.4,0.3028031,0,0
68641,Metod Jurhar,28.0,STAYED,FC Koper,prva_liga,0.383098135,0.0028494883,0,0
32809,Lukas Jonsson,33.0,STAYED,VfL Osnabrück,bundesliga_3,0.557671055,0.022272147,0,0
79640,Krisjanis Zviedris,29.0,STAYED,FC Riga,virsliga,0.17575453,0.11550898,0,0
2805,Igor Vekic,27.0,STAYED,Vejle Boldklub,superligaen,0.6607162449999999,0.043899186,0,0
9002,Daniel Tenenbaum,30.0,STAYED,Ironi Tiberias,ligat_haal,0.5,0.008120624,0,0
170283,Xavier Gies,29.0,STAYED,FCV Dender EH,challenger_pro_league,0.34851325,0.040582843,0,0
19646,Miguel Silva,30.0,STAYED,Beitar Jerusalem,ligat_haal,0.5,0.6368591,1,0
2429,Gaëtan Coucke,27.0,STAYED,KV Mechelen,belgian_pro_league,0.67107149,0.29256997,0,0
9954,Patrick Siefkes,36.0,STAYED,SV Drochtersen/Assel,regionalliga_nord,0.26403716,0.008277844,0,0
10071,Johannes Brinkies,32.0,STAYED,Kickers Offenbach,regionalliga_suedwest,0.405667995,0.018378278,0,0
89876,Markus Schöller,30.0,STAYED,SV Wacker Burghausen,regionalliga_bayern,0.28719256,0.20856196,0,0
78889,Benedikt Grawe,26.0,STAYED,Bahlinger SC,regionalliga_suedwest,0.405667995,0.053658888,0,0
26953,Lucas Fox,25.0,STAYED,1. FC Bocholt,regionalliga_west,0.37057419,0.0067315027,0,0
1236,Max Grün,38.0,STAYED,SV Viktoria Aschaffenburg,regionalliga_bayern,0.28719256,0.006733451,0,0
3078,Patrik Demjén,27.0,STAYED,MTK Budapest,nemzeti_bajnoksag,0.53889144,0.003717535,0,0
168451,Jarno Peters,32.0,STAYED,FC Gütersloh,regionalliga_west,0.37057419,0.1250967,0,0
67085,Marcel Hölscher,34.0,STAYED,SC Wiedenbrück,regionalliga_west,0.37057419,0.015883934,0,0
90033,Marko Dedovic,28.0,STAYED,Blau-Weiß Lohne,regionalliga_nord,0.26403716,0.008666554,0,0
107694,Julius Pünt,21.0,STAYED,SV Meppen,regionalliga_nord,0.26403716,0.019508956,0,0
103676,Jhonny Peitzmeier,25.0,STAYED,VfB Oldenburg,regionalliga_nord,0.26403716,0.17239463,0,0
116458,Péter Szappanos,35.0,STAYED,Paksi FC,nemzeti_bajnoksag,0.53889144,0.017592939,0,0
116237,Max Putz,36.0,STAYED,DJK Vilzing,regionalliga_bayern,0.28719256,0.025597965,0,0
27821,Riccardo Piscitelli,32.0,STAYED,Újpest FC,nemzeti_bajnoksag,0.53889144,0.0055729365,0,0
34563,Alexandru Buzbuchi,32.0,STAYED,FCV Farul Constanta,superliga_romania,0.456571,0.0013412731,0,0
165743,Michael Gelt,24.0,STAYED,SGV Freiberg,regionalliga_suedwest,0.405667995,0.012441074,0,0
168453,Ron Meyer,28.0,STAYED,FC Wegberg-Beeck,regionalliga_west,0.37057419,0.06623029,0,0
29165,Cătălin Căbuz,29.0,STAYED,FC Hermannstadt,superliga_romania,0.456571,0.02370693,0,0
165653,Samuel Zapico,29.0,STAYED,SG Barockstadt Fulda-Lehnerz,regionalliga_suedwest,0.405667995,0.16867127,0,0
83739,Kevin Kratzsch,23.0,STAYED,Rot-Weiß Oberhausen,regionalliga_west,0.37057419,0.038964786,0,0
10132,Felix Dornebusch,31.0,STAYED,Stuttgarter Kickers,regionalliga_suedwest,0.405667995,0.08727019,0,0
51809,Xavier Mous,30.0,STAYED,SC Heerenveen,eredivisie,0.6917069149999999,0.032094434,0,0
45952,Jannick Theißen,28.0,STAYED,1. FC Düren,regionalliga_west,0.37057419,0.09759161,0,0
19763,Giannis Anestis,35.0,STAYED,FC Botosani,superliga_romania,0.456571,0.024650699,0,0
13144,Bence Gundel-Takács,27.0,STAYED,Zalaegerszegi TE FC,nemzeti_bajnoksag,0.53889144,0.001280515,0,0
21529,Erwin Mulder,37.0,STAYED,SC Heerenveen,eredivisie,0.6917069149999999,0.010416529,0,0
116118,Heiko Schiefer,26.0,STAYED,SpVgg Ansbach,regionalliga_bayern,0.28719256,0.31570533,0,0
53775,Tom Kretzschmar,27.0,STAYED,FC 08 Homburg,regionalliga_suedwest,0.405667995,0.02968631,0,0
117330,Sebastian Maier,30.0,STAYED,SpVgg Hankofen-Hailing,regionalliga_bayern,0.28719256,0.7926673,1,0
85070,Radomir Novakovic,26.0,STAYED,SV Eintracht Trier 05,regionalliga_suedwest,0.405667995,0.40748417,0,0
115941,Frenks Orols,25.0,STAYED,BFC Daugavpils,virsliga,0.17575453,0.043856062,0,0
32402,Vincent Friedsam,23.0,STAYED,Würzburger Kickers,regionalliga_bayern,0.28719256,0.35967678,0,0
89762,Lucas Zahaczewski,25.0,STAYED,SpVgg Bayreuth,regionalliga_bayern,0.28719256,0.04021114,0,0
34553,David Lazar,34.0,STAYED,FC Buzău,superliga_romania,0.456571,0.040412724,0,0
52321,Ivor Pandur,25.0,STAYED,Fortuna Sittard,eredivisie,0.6917069149999999,0.1812287,0,0
44973,Matthis Harsman,26.0,STAYED,SV Rödinghausen,regionalliga_west,0.37057419,0.18342596,0,0
117033,Ármin Pécsi,21.0,STAYED,Puskás Akadémia FC,nemzeti_bajnoksag,0.53889144,0.021602513,0,0
27298,Vladyslav Vertey,27.0,STAYED,TSV Aubstadt,regionalliga_bayern,0.28719256,0.1108285,0,0
8669,Sammy Bossut,40.0,STAYED,SV Zulte Waregem,belgian_pro_league,0.67107149,0.0751589,0,0
103709,Steffen Westphal,26.0,STAYED,SV Lippstadt 08,regionalliga_west,0.37057419,0.15937692,0,0
6073,Michael Luyambula,26.0,STAYED,Wuppertaler SV,regionalliga_west,0.37057419,0.04416946,0,0
65872,Karlo Sentic,24.0,STAYED,Diósgyőri VTK,nemzeti_bajnoksag,0.53889144,0.0082585085,0,0
78774,Marian Aioani,26.0,STAYED,FC Rapid Bukarest,superliga_romania,0.456571,0.045532126,0,0
166038,Bence Varga,30.0,STAYED,Kecskeméti TE,nemzeti_bajnoksag,0.53889144,0.0050530774,0,0
89721,Felix Thiel,31.0,STAYED,FV Illertissen,regionalliga_bayern,0.28719256,0.06148174,0,0
103782,Peter Leeuwenburgh,31.0,STAYED,FC Groningen,eredivisie,0.6917069149999999,0.71010894,1,0
167554,Dominik Dewein,26.0,STAYED,FC Memmingen,regionalliga_bayern,0.28719256,0.047216903,0,0
37461,Denis Rusu,35.0,STAYED,AFC Unirea 04 Slobozia,superliga_romania,0.456571,0.00085190934,0,0
