rank,kpi_name,label,consensus_weight,category,direction,p_value,effect_size,xgb_importance,rf_importance,perm_importance,mutual_info,definition,parent_kpi,context
1,origin_median,origin_median,0.011651457817481232,context,lower,4.672762730063345e-06,0.5792253192617762,0.0044543403,0.0181557898581908,0.0012759170653907858,0.05615587772734876,Context feature (not a KPI),,
2,DEF_PXT_OTHER,Other (Defensive Threat),0.009705195525817445,Base KPI,higher,5.193600438458455e-05,0.262395542065275,0.003549558,0.01714404482768359,0.0025518341307815386,0.029743956379611358,The change in the threat of conceding by other actions. This KPI consists of 'PXT_FOUL' and 'PXT_NO_VIDEO' and is attributed to all players of the opponent team.,,
3,SUCCESSFUL_PASSES_BY_FOOT_LEFT,SUCCESSFUL_PASSES_BY_FOOT_LEFT,0.007839190139933384,Base KPI,lower,0.29959179369577416,0.09190225825657129,0.00975299,0.016029736408605107,0.0,0.04638027456919458,,,
4,UNSUCCESSFUL_PASSES_BY_FOOT_LEFT,UNSUCCESSFUL_PASSES_BY_FOOT_LEFT,0.007392116934296954,Base KPI,lower,0.8368503638913481,0.21240449472471068,0.004340348,0.016900714417051065,0.0,0.04569501177808322,,,
5,SUCCESSFUL_PASSES_BY_ACTION_DIAGONAL_PASS,SUCCESSFUL_PASSES_BY_ACTION_DIAGONAL_PASS,0.006716988711603994,Contextual (SUCCESSFUL_PASSES),higher,4.146587535498616e-05,0.5763855828621892,0.0016212794,0.010226601876748075,0.0,0.029630287979924175,,SUCCESSFUL_PASSES,Diagonal Pass
6,BYPASSED_OPPONENTS_NUMBER,Bypassed Opponents Number,0.005852419211088713,Base KPI,higher,0.04372009721518746,0.29717014677221243,0.012655729,0.0028929630334475777,0.0,0.018762280007877274,"Number of actions with which opponents could be bypassed (dribble, pass, cross, set piece).",,
7,BYPASSED_DEFENDERS_AT_PHASE_SECOND_BALL,BYPASSED_DEFENDERS_AT_PHASE_SECOND_BALL,0.0058469894008731284,Contextual (BYPASSED_DEFENDERS),lower,0.020143055417419956,0.27407491954109503,0.0043955254,0.007186063111369613,0.0,0.041082824726426326,,BYPASSED_DEFENDERS,Second Ball Phase
8,SUCCESSFUL_PASSES_BY_FOOT_RIGHT,SUCCESSFUL_PASSES_BY_FOOT_RIGHT,0.005732673654000995,Base KPI,higher,0.22383474219136923,0.18999279469981176,0.0044009336,0.010817431073756479,0.0,0.035875458802465676,,,
9,UNSUCCESSFUL_PASSES_AT_PHASE_SET_PIECE,UNSUCCESSFUL_PASSES_AT_PHASE_SET_PIECE,0.005222196947197581,Contextual (UNSUCCESSFUL_PASSES),lower,0.00019883880092812656,0.39962419123368614,0.002591842,0.008479581365477546,0.0,0.0207092227834631,,UNSUCCESSFUL_PASSES,Set Piece Phase
10,NEUTRAL_PASSES_BY_FOOT_RIGHT,NEUTRAL_PASSES_BY_FOOT_RIGHT,0.0051218152515929245,Base KPI,higher,0.5553073843154874,0.013292269718422097,0.00625255,0.009919265236835739,0.0,0.03703376654584334,,,
11,BYPASSED_OPPONENTS_NUMBER_BY_ACTION_DIAGONAL_PASS,BYPASSED_OPPONENTS_NUMBER_BY_ACTION_DIAGONAL_PASS,0.00479543613891828,Contextual (BYPASSED_OPPONENTS_NUMBER),higher,0.00391390393046466,0.4081332889852849,0.0039330493,0.005223513457288162,0.0,0.01666258711058477,,BYPASSED_OPPONENTS_NUMBER,Diagonal Pass
12,UNSUCCESSFUL_PASSES_BY_ACTION_LOW_PASS,UNSUCCESSFUL_PASSES_BY_ACTION_LOW_PASS,0.00470875699595686,Contextual (UNSUCCESSFUL_PASSES),higher,0.005256178429695158,0.28796117053457776,0.0025151933,0.003076307506559227,0.0,0.03910156221762073,,UNSUCCESSFUL_PASSES,Low Pass
13,n_matches_loaded,n_matches_loaded,0.004676700269262957,context,lower,0.0005517656328816777,0.3829913756350896,0.0021975364,0.008140297571238212,0.0,0.014921809343737324,Context feature (not a KPI),,
14,BYPASSED_DEFENDERS_TO_LANE_RIGHT_HALF_SPACE,BYPASSED_DEFENDERS_TO_LANE_RIGHT_HALF_SPACE,0.004299058463912106,Contextual (BYPASSED_DEFENDERS),higher,0.030660816179553213,0.3240421781764302,0.0010800362,0.0040010264614248345,0.0,0.03101125522856729,,BYPASSED_DEFENDERS,Right Half-Space
15,BYPASSED_OPPONENTS_NUMBER_FROM_LANE_RIGHT_HALF_SPACE,BYPASSED_OPPONENTS_NUMBER_FROM_LANE_RIGHT_HALF_SPACE,0.0042918356444993835,Contextual (BYPASSED_OPPONENTS_NUMBER),higher,0.005517865001345837,0.37990696715805583,0.0024698284,0.0040343472718065605,0.0,0.019729376691758338,,BYPASSED_OPPONENTS_NUMBER,Right Half-Space
16,SUCCESSFUL_PASSES_TO_LANE_LEFT_HALF_SPACE,SUCCESSFUL_PASSES_TO_LANE_LEFT_HALF_SPACE,0.004288860258489571,Contextual (SUCCESSFUL_PASSES),higher,0.2590324342636363,0.1954061534633987,0.013863078,0.0012573384131343466,0.0,0.0,,SUCCESSFUL_PASSES,Left Half-Space
17,BYPASSED_DEFENDERS_BY_ACTION_SAVE,BYPASSED_DEFENDERS_BY_ACTION_SAVE,0.0042335296733119225,Contextual (BYPASSED_DEFENDERS),lower,0.010803993587156554,0.270643157491303,0.004596762,0.00852360334151349,0.0,0.006747706866538916,,BYPASSED_DEFENDERS,Save
18,NUMBER_OF_FOULS_WON,Number of Fouls Won,0.004156882551906178,Base KPI,lower,0.003218895530653425,0.23513785753912048,0.010252735,0.0019493139643005232,0.0,0.006201655220493318,"Number of Fouls Won measures how often a player is fouled by an opponent during the match, based on tagging or referee decisions.",,
19,NEUTRAL_PASSES_BY_FOOT_LEFT,NEUTRAL_PASSES_BY_FOOT_LEFT,0.004047649223751264,Base KPI,lower,0.9830837201884111,0.20879137710196527,0.0004755352,0.00931631706513383,0.0,0.023563007915414103,,,
20,BYPASSED_OPPONENTS_NUMBER_TO_PITCH_POSITION_FIRST_THIRD,BYPASSED_OPPONENTS_NUMBER_TO_PITCH_POSITION_FIRST_THIRD,0.004024301650119314,Contextual (BYPASSED_OPPONENTS_NUMBER),higher,0.018931736985990877,0.4216056182151854,0.00026909832,0.00274276235628034,0.0,0.023668909161755902,,BYPASSED_OPPONENTS_NUMBER,First Third
21,BALL_WIN_ADDED_TEAMMATES_DEFENDERS_FROM_OPPONENT_PACKING_ZONE_DM,BALL_WIN_ADDED_TEAMMATES_DEFENDERS_FROM_OPPONENT_PACKING_ZONE_DM,0.003890044884414753,Contextual (BALL_WIN_ADDED_TEAMMATES_DEFEN),higher,0.977599983825565,0.005312320785224011,0.013425327,0.0006791609354104733,0.0,0.014645995684954505,,BALL_WIN_ADDED_TEAMMATES_DEFENDERS,Defensive-Mid Zone
22,BALL_WIN_REMOVED_OPPONENTS_IN_LANE_RIGHT_HALF_SPACE,BALL_WIN_REMOVED_OPPONENTS_IN_LANE_RIGHT_HALF_SPACE,0.0038680057210355888,Contextual (BALL_WIN_REMOVED_OPPONENTS),lower,0.06353947899638385,0.2611010452316401,0.004534327,0.000899738546038096,0.0,0.024774360672974227,,BALL_WIN_REMOVED_OPPONENTS,Right Half-Space
23,BYPASSED_OPPONENTS_NUMBER_AT_PHASE_ATTACKING_TRANSITION,BYPASSED_OPPONENTS_NUMBER_AT_PHASE_ATTACKING_TRANSITION,0.0038539026740487224,Contextual (BYPASSED_OPPONENTS_NUMBER),higher,0.023270784697841603,0.34727249585463144,0.0009166453,0.004745172481857439,0.0,0.01892069705679411,,BYPASSED_OPPONENTS_NUMBER,Attacking Transition Phase
24,BYPASSED_OPPONENTS_NUMBER_FROM_PITCH_POSITION_FIRST_THIRD,BYPASSED_OPPONENTS_NUMBER_FROM_PITCH_POSITION_FIRST_THIRD,0.0038443868430444415,Contextual (BYPASSED_OPPONENTS_NUMBER),higher,0.003188643692732223,0.4102731479631825,0.0023872673,0.002475333249278855,0.0,0.013701021274233671,,BYPASSED_OPPONENTS_NUMBER,First Third
25,SUCCESSFUL_PASSES_FROM_PITCH_POSITION_FIRST_THIRD,SUCCESSFUL_PASSES_FROM_PITCH_POSITION_FIRST_THIRD,0.0038359872301941293,Contextual (SUCCESSFUL_PASSES),higher,0.006431494034303334,0.3182137846491364,0.004980521,0.0039288979268514755,0.0,0.0074709734250275606,,SUCCESSFUL_PASSES,First Third
26,BALL_WIN_ADDED_TEAMMATES_FROM_OPPONENT_PACKING_ZONE_IBWR,BALL_WIN_ADDED_TEAMMATES_FROM_OPPONENT_PACKING_ZONE_IBWR,0.0037550342270018995,Contextual (BALL_WIN_ADDED_TEAMMATES),lower,0.12302891520310806,0.22407504605596448,0.0038928394,0.005336545768372636,0.0,0.01515885215771795,,BALL_WIN_ADDED_TEAMMATES,In-Behind Wide Right Zone
27,SUCCESSFUL_PASSES_AT_PHASE_SET_PIECE,SUCCESSFUL_PASSES_AT_PHASE_SET_PIECE,0.0037203968199141556,Contextual (SUCCESSFUL_PASSES),lower,0.01245909655961514,0.2926906762880904,0.0017992106,0.006007663264426153,0.0,0.014273641267079196,,SUCCESSFUL_PASSES,Set Piece Phase
28,BYPASSED_OPPONENTS_TO_PACKING_ZONE_DM,BYPASSED_OPPONENTS_TO_PACKING_ZONE_DM,0.003674989691662176,Contextual (BYPASSED_OPPONENTS),higher,0.04525037069513181,0.3027084287765513,0.007135526,0.002360754165805323,0.0,0.002129952371726196,,BYPASSED_OPPONENTS,Defensive-Mid Zone
29,BYPASSED_OPPONENTS_NUMBER_FROM_LANE_LEFT_HALF_SPACE,BYPASSED_OPPONENTS_NUMBER_FROM_LANE_LEFT_HALF_SPACE,0.003634120701228937,Contextual (BYPASSED_OPPONENTS_NUMBER),higher,0.003695171859804971,0.2908028998739424,0.0022490527,0.00366456697547461,0.0,0.01829268375569315,,BYPASSED_OPPONENTS_NUMBER,Left Half-Space
30,BALL_LOSS_REMOVED_TEAMMATES_AT_PHASE_SET_PIECE,BALL_LOSS_REMOVED_TEAMMATES_AT_PHASE_SET_PIECE,0.003622376796150556,Contextual (BALL_LOSS_REMOVED_TEAMMATES),lower,0.004774620994755577,0.33171207112678613,0.0037304182,0.00392244732527341,0.0,0.007311982938065675,,BALL_LOSS_REMOVED_TEAMMATES,Set Piece Phase
31,SUCCESSFUL_PASSES_FROM_LANE_RIGHT_HALF_SPACE,SUCCESSFUL_PASSES_FROM_LANE_RIGHT_HALF_SPACE,0.0036146952512949595,Contextual (SUCCESSFUL_PASSES),higher,0.08392053880953061,0.2570824488245352,0.0051754573,0.0022655088365629308,0.0,0.013677266889763784,,SUCCESSFUL_PASSES,Right Half-Space
32,DEF_PXT_BALL_LOSS_AT_PXT_PHASE_DEFEND,DEF_PXT_BALL_LOSS_AT_PXT_PHASE_DEFEND,0.0035969877973999836,Contextual (DEF_PXT_BALL_LOSS),lower,0.9969013667930022,0.01655473883136347,0.012068498,0.0019336635149959725,0.0,0.009774706460991656,,DEF_PXT_BALL_LOSS,Defensive
33,SUCCESSFUL_PASSES_TO_PITCH_POSITION_FIRST_THIRD,SUCCESSFUL_PASSES_TO_PITCH_POSITION_FIRST_THIRD,0.003550884899869513,Contextual (SUCCESSFUL_PASSES),higher,0.010226702797235919,0.3259591281474167,0.0042122365,0.0019500418615054382,0.0,0.01070196592930106,,SUCCESSFUL_PASSES,First Third
34,SUCCESSFUL_PASSES_BY_ACTION_FREE_KICK,SUCCESSFUL_PASSES_BY_ACTION_FREE_KICK,0.003545397464951284,Contextual (SUCCESSFUL_PASSES),lower,0.004574749610233475,0.28983399315233505,0.004380552,0.006251075794120574,0.0,0.00011832542365231014,,SUCCESSFUL_PASSES,Free Kick
35,BYPASSED_OPPONENTS_NUMBER_AT_PHASE_IN_POSSESSION,BYPASSED_OPPONENTS_NUMBER_AT_PHASE_IN_POSSESSION,0.003494504770507514,Contextual (BYPASSED_OPPONENTS_NUMBER),higher,0.010456441404847945,0.4002180499481892,0.005044079,0.0016573183524963954,0.0,0.0,,BYPASSED_OPPONENTS_NUMBER,In Possession Phase
36,BYPASSED_OPPONENTS_NUMBER_AT_PHASE_SET_PIECE,BYPASSED_OPPONENTS_NUMBER_AT_PHASE_SET_PIECE,0.0034921721799691698,Contextual (BYPASSED_OPPONENTS_NUMBER),lower,0.05096052065456803,0.234988307001688,0.0042635193,0.002058264752436059,0.0,0.017897783802786504,,BYPASSED_OPPONENTS_NUMBER,Set Piece Phase
37,OPP_PXT_PASS,Passes (Opponent Threat),0.0034833750075972995,Base KPI,lower,0.009332914779066087,0.3966778287879067,0.004082069,0.0029619112987445723,0.0,0.0,"Changing the opponent's goal threat through your own passing game. Progressive passing reduces the opponent's goal threat, while regressive passing and mispassing (usually) increases the opponent's goal threat.",,
38,NEUTRAL_PASSES_FROM_LANE_LEFT_HALF_SPACE,NEUTRAL_PASSES_FROM_LANE_LEFT_HALF_SPACE,0.0034476264788444303,Contextual (NEUTRAL_PASSES),lower,0.049133668647320175,0.2747096919577619,0.0027623135,0.0020727540224737408,0.0,0.019262578002500863,,NEUTRAL_PASSES,Left Half-Space
39,UNSUCCESSFUL_PASSES_BY_FOOT_RIGHT,UNSUCCESSFUL_PASSES_BY_FOOT_RIGHT,0.0034433503402551487,Base KPI,lower,0.9997399187367437,0.00791223374957684,0.0029072945,0.0108622397935499,0.0,0.017276657648575,,,
40,BALL_WIN_NUMBER_FROM_OPPONENT_PACKING_ZONE_WR,BALL_WIN_NUMBER_FROM_OPPONENT_PACKING_ZONE_WR,0.0033985661939360022,Contextual (BALL_WIN_NUMBER),higher,0.0803669336028202,0.26235042635646977,0.0027104407,0.0009208984120669298,0.0,0.02333006267995108,,BALL_WIN_NUMBER,Wide Right Zone
41,OPP_PXT_BLOCK,Blocks (Opponent Threat),0.0033878009243259043,Base KPI,higher,0.09023952738199179,0.3474363876597235,0.0014644765,0.0029087820842101275,0.0,0.013781277666428116,"The change in the opponent's goal threat due to blocked passes, shots and set-pieces. The change is calculated from the difference between the opponent's goal threat after the block and the opponent's goal threat before the block.",,
42,BALL_WIN_NUMBER_IN_LANE_RIGHT_HALF_SPACE,BALL_WIN_NUMBER_IN_LANE_RIGHT_HALF_SPACE,0.0033860718047679923,Contextual (BALL_WIN_NUMBER),higher,0.0864877129389465,0.20710700292240172,0.0021239265,0.0022567801076199294,0.0,0.02669973681428317,,BALL_WIN_NUMBER,Right Half-Space
43,BYPASSED_OPPONENTS_AT_PHASE_IN_POSSESSION,BYPASSED_OPPONENTS_AT_PHASE_IN_POSSESSION,0.003379024613730696,Contextual (BYPASSED_OPPONENTS),higher,0.03239782919387386,0.2935024940044229,0.0011652678,0.0028293230212781155,0.0,0.020306317809918095,,BYPASSED_OPPONENTS,In Possession Phase
44,BYPASSED_OPPONENTS_NUMBER_TO_PACKING_ZONE_WR,BYPASSED_OPPONENTS_NUMBER_TO_PACKING_ZONE_WR,0.003376953427489369,Contextual (BYPASSED_OPPONENTS_NUMBER),higher,0.24146239067076658,0.1731642630497835,0.0019118893,0.002921459090355124,0.0,0.028625605219198214,,BYPASSED_OPPONENTS_NUMBER,Wide Right Zone
45,age,age,0.003324343614246573,context,lower,0.05769719338875376,0.27216684186385676,0.0021856765,0.004975053419375342,0.0,0.010597560961954633,Context feature (not a KPI),,
46,PXT_DRIBBLE_REG,Regressive dribbles,0.0032457435509919887,Base KPI,lower,0.07719242525349174,0.3581049441216013,0.003791513,0.0016504505670581445,0.0,0.004596416197248487,Sub-KPI of PXT_DRIBBLE. The negative change in one´s own threat of scoring through dribbling without losing the ball. Every dribble that was successful and lowers the goal threat counts towards this.,,
47,BYPASSED_OPPONENTS_TO_PITCH_POSITION_FIRST_THIRD,BYPASSED_OPPONENTS_TO_PITCH_POSITION_FIRST_THIRD,0.0032203206483267105,Contextual (BYPASSED_OPPONENTS),higher,0.04676259806450395,0.35303732750286443,9.137155e-05,0.0015140312933565145,0.0,0.020029795493173408,,BYPASSED_OPPONENTS,First Third
48,CONCEDED_PACKING_XG,Packing non-shot-based xG,0.0032170273786639764,Base KPI,lower,0.04762457579909316,0.21646550583181368,0.004029191,0.0035641162522132073,0.0,0.010917735148785468,"Packing xG (pxG) include not only include shots on goal but also all potential shooting positions, even if no shot on goal is taken. In contrast to the shot-based xG, the packing xG goes one step further by attributing a value to these positions & does not rely on a shot being taken. A team is there",,
49,BALL_WIN_NUMBER_FROM_OPPONENT_PACKING_ZONE_AM,BALL_WIN_NUMBER_FROM_OPPONENT_PACKING_ZONE_AM,0.0032168522365972393,Contextual (BALL_WIN_NUMBER),higher,0.05780550550809793,0.30086132763087753,0.0018011912,0.0040538677854542945,0.0,0.010242607599829423,,BALL_WIN_NUMBER,Attacking-Mid Zone
50,BALL_WIN_REMOVED_OPPONENTS_BY_ACTION_INTERCEPTION,BALL_WIN_REMOVED_OPPONENTS_BY_ACTION_INTERCEPTION,0.003193335896669147,Contextual (BALL_WIN_REMOVED_OPPONENTS),lower,0.017136918797060467,0.3257458288777445,0.0024452778,0.0025506886812211678,0.0,0.009437247804241489,,BALL_WIN_REMOVED_OPPONENTS,Interception
51,BALL_WIN_NUMBER_FROM_OPPONENT_PACKING_ZONE_IBWR,BALL_WIN_NUMBER_FROM_OPPONENT_PACKING_ZONE_IBWR,0.0031751083967432687,Contextual (BALL_WIN_NUMBER),lower,0.004355900879098963,0.30812550678037254,0.0009429063,0.002323567376041914,0.0,0.017598054153897147,,BALL_WIN_NUMBER,In-Behind Wide Right Zone
52,SUCCESSFUL_PASSES_TO_PACKING_ZONE_FBL,SUCCESSFUL_PASSES_TO_PACKING_ZONE_FBL,0.003135869927115933,Contextual (SUCCESSFUL_PASSES),higher,0.2474894492748515,0.15680457679225066,0.005169133,0.0021815276670764418,0.0,0.014865882202581338,,SUCCESSFUL_PASSES,Full-Back Left Zone
53,BYPASSED_OPPONENTS_NUMBER_FROM_LANE_CENTER,BYPASSED_OPPONENTS_NUMBER_FROM_LANE_CENTER,0.0031206153561912334,Contextual (BYPASSED_OPPONENTS_NUMBER),higher,0.08521997474904366,0.3205353912855705,0.00054899335,0.0022511613932706125,0.0,0.01721089373083662,,BYPASSED_OPPONENTS_NUMBER,Centre
54,BALL_WIN_REMOVED_OPPONENTS_FROM_PITCH_POSITION_MIDDLE_THIRD,BALL_WIN_REMOVED_OPPONENTS_FROM_PITCH_POSITION_MIDDLE_THIRD,0.0030707338870316282,Contextual (BALL_WIN_REMOVED_OPPONENTS),lower,0.3753472209983051,0.17581301479572176,0.00032090908,0.001242707200817865,0.0,0.03436610180332167,,BALL_WIN_REMOVED_OPPONENTS,Second Third
55,BYPASSED_OPPONENTS_TO_LANE_LEFT_WING,BYPASSED_OPPONENTS_TO_LANE_LEFT_WING,0.0030645603094402083,Contextual (BYPASSED_OPPONENTS),higher,0.03794777880843457,0.2704618680493966,0.0009029927,0.003729651634341465,0.0,0.015026199640280291,,BYPASSED_OPPONENTS,Left Wing
56,BALL_WIN_NUMBER_FROM_PITCH_POSITION_FINAL_THIRD,BALL_WIN_NUMBER_FROM_PITCH_POSITION_FINAL_THIRD,0.0030626448058786266,Contextual (BALL_WIN_NUMBER),higher,0.8865111370327231,0.21449130887277087,0.0030045446,0.0008383866291810386,0.0,0.020847087111210305,,BALL_WIN_NUMBER,Final Third
57,SUCCESSFUL_PASSES_TO_PACKING_ZONE_CM,SUCCESSFUL_PASSES_TO_PACKING_ZONE_CM,0.003053557328044641,Contextual (SUCCESSFUL_PASSES),higher,0.05781870885512344,0.19561129621262807,0.0011405442,0.0019297742936871213,0.0,0.026685075153105586,,SUCCESSFUL_PASSES,Centre-Mid Zone
58,SUCCESSFUL_PASSES_BY_ACTION_HEADER,SUCCESSFUL_PASSES_BY_ACTION_HEADER,0.003013048932641308,Contextual (SUCCESSFUL_PASSES),lower,0.4038183630142598,0.03359651054590759,0.007215584,0.0,0.0,0.02300666562802567,,SUCCESSFUL_PASSES,Header
59,BYPASSED_OPPONENTS_AT_PHASE_SECOND_BALL,BYPASSED_OPPONENTS_AT_PHASE_SECOND_BALL,0.003009226013525343,Contextual (BYPASSED_OPPONENTS),lower,0.010981061734184795,0.2814361408119136,0.0010336764,0.004055852685502615,0.0,0.011404825391047924,,BYPASSED_OPPONENTS,Second Ball Phase
60,CONCEDED_SHOT_XG,Shot-based xG,0.003005000014570652,Base KPI,lower,0.012347913928494889,0.26642254221143846,0.0007256662,0.003112733280295883,0.0,0.016947303942876246,"Shot-based expected goals (xG) is a figure that adds a value to all shot attempts. This includes shots from open-play, direct free kicks and penalty kicks. In order to generate a figure that values probability of a goal being scored from a shot, parameters such as shot distance, shot angle, pressure",,
61,BALL_WIN_NUMBER_FROM_PITCH_POSITION_OPPONENT_BOX,BALL_WIN_NUMBER_FROM_PITCH_POSITION_OPPONENT_BOX,0.002996281614977613,Contextual (BALL_WIN_NUMBER),higher,0.21851033823370025,0.30192341596594685,0.00071376166,0.001268262969046167,0.0,0.019098096312426094,,BALL_WIN_NUMBER,Opponent Box
62,BALL_WIN_ADDED_TEAMMATES_DEFENDERS_FROM_OPPONENT_PACKING_ZONE_WL,BALL_WIN_ADDED_TEAMMATES_DEFENDERS_FROM_OPPONENT_PACKING_ZONE_WL,0.0029835742963684538,Contextual (BALL_WIN_ADDED_TEAMMATES_DEFEN),lower,0.9950744859582109,0.051245081952252115,0.008353749,0.0030467173290778565,0.0,0.006718869514431791,,BALL_WIN_ADDED_TEAMMATES_DEFENDERS,Wide Left Zone
63,SECOND_BALL_WIN,Second Ball Wins,0.002966368600955155,Base KPI,higher,0.0338502169173424,0.36813327669949636,0.0006774314,0.0017621894803392239,0.0,0.010747583342535894,The win of the 'second ball' phase is achieved if a player manages to bring enough control over the ball (pressure <40).,,
64,DISTANCE_TO_GOAL_COVERED_DRIBBLE,Distance Covered By Dribbles,0.002949779873626954,Base KPI,higher,0.009652943679967675,0.3823828207577069,0.0010477678,0.0022348261746215296,0.0,0.006098563596246054,Difference in the distance to the opposing goal due to the dribble (between release of the ball and reception).,,
65,PXT_DRIBBLE_PRO,Progressive dribbles,0.002936814996822486,Base KPI,higher,0.023528520041021513,0.3477296916490498,0.0023897614,0.0034580145390506866,0.0,0.0,Sub-KPI of PXT_DRIBBLE. The positive change in one´s goal-goal threat through dribbling. Every dribbling that increases your goal-goal threat counts here.,,
66,BALL_LOSS_REMOVED_TEAMMATES_DEFENDERS_AT_PHASE_IN_POSSESSION,BALL_LOSS_REMOVED_TEAMMATES_DEFENDERS_AT_PHASE_IN_POSSESSION,0.002928544837403921,Contextual (BALL_LOSS_REMOVED_TEAMMATES_DE),higher,0.0951636030302364,0.19828043334537737,0.0015572759,0.003382471258540165,0.0,0.01794263382696526,,BALL_LOSS_REMOVED_TEAMMATES_DEFENDERS,In Possession Phase
67,PLAYDURATION,Play Duration,0.002926268291084183,Base KPI,lower,0.0003354741855379451,0.10201162446285274,0.0017219706,0.009135030522986748,0.0,0.00877415459690023,Match duration in seconds. Every second of the match is listed here (including injury time).,,
68,BALL_WIN_NUMBER_FROM_OPPONENT_PACKING_ZONE_CB,BALL_WIN_NUMBER_FROM_OPPONENT_PACKING_ZONE_CB,0.002914112170848371,Contextual (BALL_WIN_NUMBER),higher,0.0038280228643302982,0.2831637028367177,0.001388837,0.003239358437421396,0.0,0.010572344161746905,,BALL_WIN_NUMBER,Centre-Back Zone
69,BYPASSED_OPPONENTS_NUMBER_TO_LANE_LEFT_WING,BYPASSED_OPPONENTS_NUMBER_TO_LANE_LEFT_WING,0.0028944074490789835,Contextual (BYPASSED_OPPONENTS_NUMBER),higher,0.054808818043628776,0.2770046773286602,0.0014811425,0.0019124907640252382,0.0,0.014536649378309674,,BYPASSED_OPPONENTS_NUMBER,Left Wing
70,BYPASSED_OPPONENTS_NUMBER_BY_ACTION_CLEARANCE,BYPASSED_OPPONENTS_NUMBER_BY_ACTION_CLEARANCE,0.0028918931920592266,Contextual (BYPASSED_OPPONENTS_NUMBER),higher,0.43396904057797403,0.03056519201164898,0.0122054,0.0002769754847709439,0.0,0.0,,BYPASSED_OPPONENTS_NUMBER,Clearance with Foot
71,OFFENSIVE_TOUCHES_AT_PHASE_SECOND_BALL,OFFENSIVE_TOUCHES_AT_PHASE_SECOND_BALL,0.002886385748650716,Contextual (OFFENSIVE_TOUCHES),higher,0.01791826356565954,0.4010834063175993,0.0007940752,0.002824033561466176,0.0,0.002323217085284046,,OFFENSIVE_TOUCHES,Second Ball Phase
72,SUCCESSFUL_PASSES_AT_PHASE_ATTACKING_TRANSITION,SUCCESSFUL_PASSES_AT_PHASE_ATTACKING_TRANSITION,0.0028843646711316853,Contextual (SUCCESSFUL_PASSES),higher,0.017022997642281764,0.3779336547146581,0.0017469102,0.0030408667528579792,0.0,0.0,,SUCCESSFUL_PASSES,Attacking Transition Phase
73,PXT_SETPIECE_REG,Regressive set pieces,0.002869198983802707,Base KPI,higher,0.07986564400467158,0.14952074385408926,0.0010676186,0.0029409355425913707,0.0,0.02492604121505071,Sub-KPI of PXT_SETPIECE. The negative change of a team’s goal threat through set-pieces to the teammate. Every set-piece that lowers the goal threat and ends with the teammate is counted here.,,
74,SUCCESSFUL_PASSES_TO_PITCH_POSITION_MIDDLE_THIRD,SUCCESSFUL_PASSES_TO_PITCH_POSITION_MIDDLE_THIRD,0.0028686285937337343,Contextual (SUCCESSFUL_PASSES),higher,0.027598166464858558,0.3059873873381351,0.0022136506,0.0020465440006082135,0.0,0.007870162954944915,,SUCCESSFUL_PASSES,Second Third
75,REVERSE_PLAY_ADDED_OPPONENTS_AT_PHASE_IN_POSSESSION,REVERSE_PLAY_ADDED_OPPONENTS_AT_PHASE_IN_POSSESSION,0.002858097857825061,Contextual (REVERSE_PLAY_ADDED_OPPONENTS),lower,0.0395107976534571,0.19140169176309352,0.0013490058,0.0011123035414831622,0.0,0.025177362318842933,,REVERSE_PLAY_ADDED_OPPONENTS,In Possession Phase
76,BALL_LOSS_REMOVED_TEAMMATES_BY_ACTION_GOAL_KICK,BALL_LOSS_REMOVED_TEAMMATES_BY_ACTION_GOAL_KICK,0.002850959199082182,Contextual (BALL_LOSS_REMOVED_TEAMMATES),lower,0.005688342283255609,0.3288638297271352,0.0015348583,0.002858932281172471,0.0,0.00556377022447907,,BALL_LOSS_REMOVED_TEAMMATES,Goal Kick
77,PXT_BLOCK,Blocks,0.002838343940387721,Base KPI,lower,0.010132064636282757,0.03976150177355407,0.0035709622,0.00816253001761823,0.0,0.00870810937824884,"The change in a team’s goal threat due to blocked passes, shots and set-pieces. The change is calculated from the difference between the goal threat after the block and the goal threat before the block.",,
78,BYPASSED_OPPONENTS_NUMBER_BY_ACTION_LOW_PASS,BYPASSED_OPPONENTS_NUMBER_BY_ACTION_LOW_PASS,0.0028311200464730406,Contextual (BYPASSED_OPPONENTS_NUMBER),higher,0.028895121241641487,0.36951539728239885,0.0,0.0016600282842285162,0.0,0.011182757301648083,,BYPASSED_OPPONENTS_NUMBER,Low Pass
79,BYPASSED_OPPONENTS_NUMBER_TO_LANE_RIGHT_HALF_SPACE,BYPASSED_OPPONENTS_NUMBER_TO_LANE_RIGHT_HALF_SPACE,0.002814689069668442,Contextual (BYPASSED_OPPONENTS_NUMBER),higher,0.04732742567650823,0.21362762231671836,0.0016028848,0.0018342983266223015,0.0,0.01896155253984344,,BYPASSED_OPPONENTS_NUMBER,Right Half-Space
80,PXT_PASS_PRO,Progressive passes,0.002799111193933806,Base KPI,higher,0.019213748799875623,0.3302098395265047,0.0037209275,0.0014438500168738428,0.0,0.0,Sub-KPI of PXT_PASS. The positive change in a team’s goal threat through passing. Every pass that increases a team’s goal threat counts here. This also includes passes that end with the opponent if a team’s goal threat is higher after the pass than before the pass.,,
81,CONCEDED_POSTSHOT_XG,Post-Shot xG,0.002776481519086175,Base KPI,lower,0.06064794656113664,0.17965840168028688,0.0063071293,0.0026411077785275807,0.0,0.0,"Post-shot xG is a value of all shots on target (all shots on goal that go in or are saved by the goalkeeper). In addition to the shot-based xG variables (shot distance, shot angle, pressure on the shooter, opponents between ball and goal, phase of play, and type of shot), the ""likely finishing posit",,
82,SHOT_CREATING_ACTIONS,Shot-Creating Actions,0.0027714718526991727,Base KPI,lower,0.04151789774181536,0.22774451433492945,0.0,0.001371960789970873,0.0,0.02471987155947475,"Shot-Creating Actions are the two offensive actions directly leading to a shot attempt. This includes passes, and fouls drawn that set up a teammate’s shot. Specifically, an Shot-Creating Actions consists of the last two events before a shot, regardless of whether they occur in open play or from set",,
83,NEUTRAL_PASSES_FROM_PITCH_POSITION_OWN_BOX,NEUTRAL_PASSES_FROM_PITCH_POSITION_OWN_BOX,0.0027618438130828627,Contextual (NEUTRAL_PASSES),lower,0.09510691133229798,0.18015057333650183,0.0051936093,0.00214075818067645,0.0,0.005740870473015303,,NEUTRAL_PASSES,Own Box
84,BALL_LOSS_REMOVED_TEAMMATES_DEFENDERS_TO_PITCH_POSITION_MIDDLE_THIRD,BALL_LOSS_REMOVED_TEAMMATES_DEFENDERS_TO_PITCH_POSITION_MIDDLE_THIRD,0.002758511374121718,Contextual (BALL_LOSS_REMOVED_TEAMMATES_DE),higher,0.11387583156024421,0.2589757731757515,0.0013493642,0.0018807669287881775,0.0,0.014413627896659786,,BALL_LOSS_REMOVED_TEAMMATES_DEFENDERS,Second Third
85,SECOND_BALL_START,Second Ball Starts,0.0027241512793870675,Base KPI,lower,0.2775500790168234,0.1006540469349048,0.009292211,0.0008964788873743086,0.0,0.0,"The action that results in a 'second ball' phase where a high amount of pressure on the ball carrying player is applied and where no team has real control over the ball. It is typically the result of a high pass into an aerial duel, a blocked pass/shot or a saved pass or shot.",,
86,OFFENSIVE_TOUCHES,Offensive Touches,0.0027148978030341105,Base KPI,higher,0.008037640830910568,0.33950317214970865,0.0018177718,0.003143569574123235,0.0,0.0,Any touch on the ball where a teammate has previously been on the ball is called an offensive touch.,,
87,BYPASSED_OPPONENTS_RECEIVING,Bypassed Opponents Receiving,0.0027103493180647975,Base KPI,lower,0.02926124467658141,0.1264153175419686,0.0021465675,0.0013828818308608223,0.0,0.02468903021641511,"The sum of all opponents who are bypassed from a pass, from the perspective of the receiver.",,
88,NEUTRAL_PASSES_FROM_LANE_CENTER,NEUTRAL_PASSES_FROM_LANE_CENTER,0.002700277949914733,Contextual (NEUTRAL_PASSES),lower,0.17284015996697222,0.1933717907436523,0.0061724097,0.0014583165747477666,0.0,0.0014711100518534082,,NEUTRAL_PASSES,Centre
89,BALL_LOSS_REMOVED_TEAMMATES_DEFENDERS_FROM_LANE_CENTER,BALL_LOSS_REMOVED_TEAMMATES_DEFENDERS_FROM_LANE_CENTER,0.0026955465636173716,Contextual (BALL_LOSS_REMOVED_TEAMMATES_DE),higher,0.24813925334175324,0.19191471832552728,0.0014343067,0.002919362479603734,0.0,0.016199092113945435,,BALL_LOSS_REMOVED_TEAMMATES_DEFENDERS,Centre
90,BYPASSED_OPPONENTS_NUMBER_TO_LANE_RIGHT_WING,BYPASSED_OPPONENTS_NUMBER_TO_LANE_RIGHT_WING,0.002685787449207249,Contextual (BYPASSED_OPPONENTS_NUMBER),higher,0.02720619989097583,0.31686617343093026,0.0010024826,0.0023860569670075705,0.0,0.00730404167345533,,BYPASSED_OPPONENTS_NUMBER,Right Wing
91,PXT_FOULED,Fouled,0.0026757880245497894,Base KPI,higher,0.2278025465859208,0.10822474706085228,0.0025367818,0.001701759251473331,0.0,0.023249128620051573,The change in a team's goal threat which is achieved by being fouled.,,
92,UNSUCCESSFUL_PASSES_TO_LANE_RIGHT_HALF_SPACE,UNSUCCESSFUL_PASSES_TO_LANE_RIGHT_HALF_SPACE,0.0026703894828727964,Contextual (UNSUCCESSFUL_PASSES),lower,0.2046821415508574,0.18939348134933004,0.0010954047,0.0020126953266110005,0.0,0.020157329332451956,,UNSUCCESSFUL_PASSES,Right Half-Space
93,BYPASSED_OPPONENTS_AT_PHASE_ATTACKING_TRANSITION,BYPASSED_OPPONENTS_AT_PHASE_ATTACKING_TRANSITION,0.002668232151435606,Contextual (BYPASSED_OPPONENTS),higher,0.031723827960346326,0.35424831304643456,0.0011582221,0.0032672918333356555,0.0,0.0,,BYPASSED_OPPONENTS,Attacking Transition Phase
94,BYPASSED_OPPONENTS_NUMBER_TO_PACKING_ZONE_FBR,BYPASSED_OPPONENTS_NUMBER_TO_PACKING_ZONE_FBR,0.0026447853705865816,Contextual (BYPASSED_OPPONENTS_NUMBER),higher,0.9550372384497612,0.15579326081749323,0.0036142783,0.0011242701510925212,0.0,0.015487880208966631,,BYPASSED_OPPONENTS_NUMBER,Full-Back Right Zone
95,BYPASSED_OPPONENTS_NUMBER_TO_PACKING_ZONE_CB,BYPASSED_OPPONENTS_NUMBER_TO_PACKING_ZONE_CB,0.0026271802740000278,Contextual (BYPASSED_OPPONENTS_NUMBER),higher,0.17167812482528022,0.32030869217767977,0.0020249798,0.0008680632669487548,0.0,0.006444174810710246,,BYPASSED_OPPONENTS_NUMBER,Centre-Back Zone
96,BYPASSED_OPPONENTS_WO_VERIFICATION,Bypassed Opponents Without Verification,0.002604288637777704,Base KPI,higher,0.08510634373318508,0.28804648861103593,0.0015322476,0.0019853463594434306,0.0,0.007690568883921722,"Bypassed opponents without the pass being ‘verified' by the pass receiver. If a player is passed to in a high pressure situation, the bypassed opponents from this pass are not fully counted until the point that the ball is completely under control. As the value here does not include verification by ",,
97,SUCCESSFUL_PASSES_BY_ACTION_LOW_PASS,SUCCESSFUL_PASSES_BY_ACTION_LOW_PASS,0.0026013145003974812,Contextual (SUCCESSFUL_PASSES),higher,0.007423488994268197,0.33476263533425116,0.0021233093,0.0011170616221899323,0.0,0.0033980265746906824,,SUCCESSFUL_PASSES,Low Pass
98,BYPASSED_DEFENDERS_BY_ACTION_DIAGONAL_PASS,BYPASSED_DEFENDERS_BY_ACTION_DIAGONAL_PASS,0.0025964231661765188,Contextual (BYPASSED_DEFENDERS),lower,0.01893341062713472,0.2077611240851109,0.0005631551,0.0028135395341820015,0.0,0.016693321746028777,,BYPASSED_DEFENDERS,Diagonal Pass
99,BALL_LOSS_REMOVED_TEAMMATES_TO_OPPONENT_PACKING_ZONE_WL,BALL_LOSS_REMOVED_TEAMMATES_TO_OPPONENT_PACKING_ZONE_WL,0.002587828606187031,Contextual (BALL_LOSS_REMOVED_TEAMMATES),lower,0.5625493116888375,0.1102079228598902,0.0006097158,0.0006213699581019634,0.0,0.03258458968876887,,BALL_LOSS_REMOVED_TEAMMATES,Wide Left Zone
100,BALL_LOSS_REMOVED_TEAMMATES_DEFENDERS_TO_PITCH_POSITION_OWN_BOX,BALL_LOSS_REMOVED_TEAMMATES_DEFENDERS_TO_PITCH_POSITION_OWN_BOX,0.0025821405964733314,Contextual (BALL_LOSS_REMOVED_TEAMMATES_DE),higher,0.07124332823129434,0.18311330353063163,0.00056267274,0.003208335117479103,0.0,0.017600730849488988,,BALL_LOSS_REMOVED_TEAMMATES_DEFENDERS,Own Box
